########################################
# `caprieval` cluster-based analysis
#
# > sortby_key=score
# > sort_ascending=True
# > clt_threshold=4
#
# NOTE: if under_eval=yes, it means that there were less models in a cluster than
#    clt_threshold, thus these values were under evaluated.
#   You might need to tweak the value of clt_threshold or change some parameters
#    in `clustfcc` depending on your analysis.
#
########################################
cluster_rank	cluster_id	n	under_eval	score	score_std	irmsd	irmsd_std	fnat	fnat_std	lrmsd	lrmsd_std	dockq	dockq_std	ilrmsd	ilrmsd_std	rmsd	rmsd_std	air	air_std	bsa	bsa_std	desolv	desolv_std	elec	elec_std	total	total_std	vdw	vdw_std	caprieval_rank
1	2	10	-	-12.734	0.184	8.621	1.861	0.020	0.009	22.145	4.164	0.064	0.019	19.743	2.872	10.083	2.606	181.978	82.022	998.089	61.282	-0.782	0.667	-3.557	0.473	154.917	84.074	-23.504	3.972	1
2	1	10	-	-9.913	1.036	9.735	3.348	0.032	0.012	25.454	3.514	0.061	0.031	21.453	0.867	11.886	4.454	360.463	87.143	921.232	106.627	-0.767	1.759	-3.450	0.142	348.235	94.638	-8.779	10.295	2
3	3	10	-	-9.110	0.643	5.032	1.754	0.035	0.017	20.446	4.237	0.098	0.032	20.393	3.471	5.509	2.224	407.426	85.027	740.705	61.175	0.320	1.818	-6.170	2.485	408.534	86.170	7.278	3.636	3
