{
    "input": [
        {
            "clt_id": 2,
            "clt_model_rank": 1,
            "clt_rank": 1,
            "created": "2024-10-02 13:38:03",
            "file_name": "cluster_1_model_1.pdb",
            "file_type": {
                "py/reduce": [
                    {
                        "py/type": "haddock.libs.libontology.Format"
                    },
                    {
                        "py/tuple": [
                            "pdb"
                        ]
                    }
                ]
            },
            "full_name": "cluster_1_model_1.pdb",
            "len": NaN,
            "md5": null,
            "ori_name": "rigidbody_110.pdb",
            "path": "/jobs/5/output/03_seletopclusts",
            "py/object": "haddock.libs.libontology.PDBFile",
            "rel_path": {
                "py/reduce": [
                    {
                        "py/type": "pathlib.PosixPath"
                    },
                    {
                        "py/tuple": [
                            "..",
                            "03_seletopclusts",
                            "cluster_1_model_1.pdb"
                        ]
                    }
                ]
            },
            "restr_fname": {
                "py/reduce": [
                    {
                        "py/type": "pathlib.PosixPath"
                    },
                    {
                        "py/tuple": [
                            "..",
                            "data",
                            "01_rigidbody",
                            "ambig.tbl"
                        ]
                    }
                ]
            },
            "score": -12.905709,
            "seed": 1027,
            "topology": [
                {
                    "created": "2024-10-02 13:38:02",
                    "file_name": "processed-H2A--4G6K_haddock.psf",
                    "file_type": {
                        "py/reduce": [
                            {
                                "py/type": "haddock.libs.libontology.Format"
                            },
                            {
                                "py/tuple": [
                                    "psf"
                                ]
                            }
                        ]
                    },
                    "full_name": "processed-H2A--4G6K_haddock.psf",
                    "md5": null,
                    "path": "/jobs/5/output/00_topoaa",
                    "py/object": "haddock.libs.libontology.TopologyFile",
                    "rel_path": {
                        "py/reduce": [
                            {
                                "py/type": "pathlib.PosixPath"
                            },
                            {
                                "py/tuple": [
                                    "..",
                                    "00_topoaa",
                                    "processed-H2A--4G6K_haddock.psf"
                                ]
                            }
                        ]
                    },
                    "restr_fname": null
                },
                {
                    "created": "2024-10-02 13:38:02",
                    "file_name": "processed-A2B--4I1B_haddock.psf",
                    "file_type": {
                        "py/id": 8
                    },
                    "full_name": "processed-A2B--4I1B_haddock.psf",
                    "md5": null,
                    "path": "/jobs/5/output/00_topoaa",
                    "py/object": "haddock.libs.libontology.TopologyFile",
                    "rel_path": {
                        "py/reduce": [
                            {
                                "py/type": "pathlib.PosixPath"
                            },
                            {
                                "py/tuple": [
                                    "..",
                                    "00_topoaa",
                                    "processed-A2B--4I1B_haddock.psf"
                                ]
                            }
                        ]
                    },
                    "restr_fname": null
                }
            ],
            "unw_energies": {
                "air": 221.352,
                "angles": 0.0,
                "bonds": 0.0,
                "bsa": 995.35,
                "cdih": 0.0,
                "coup": 0.0,
                "dani": 0.0,
                "desolv": -1.26033,
                "dihe": 0.0,
                "elec": -3.63276,
                "improper": 0.0,
                "rdcs": 0.0,
                "rg": 0.0,
                "sym": 0.0,
                "total": 190.455,
                "vdw": -27.2639,
                "vean": 0.0,
                "xpcs": 0.0
            }
        },
        {
            "clt_id": 2,
            "clt_model_rank": 2,
            "clt_rank": 1,
            "created": "2024-10-02 13:38:03",
            "file_name": "cluster_1_model_2.pdb",
            "file_type": {
                "py/id": 3
            },
            "full_name": "cluster_1_model_2.pdb",
            "len": NaN,
            "md5": null,
            "ori_name": "rigidbody_112.pdb",
            "path": "/jobs/5/output/03_seletopclusts",
            "py/object": "haddock.libs.libontology.PDBFile",
            "rel_path": {
                "py/reduce": [
                    {
                        "py/type": "pathlib.PosixPath"
                    },
                    {
                        "py/tuple": [
                            "..",
                            "03_seletopclusts",
                            "cluster_1_model_2.pdb"
                        ]
                    }
                ]
            },
            "restr_fname": {
                "py/id": 5
            },
            "score": -12.888567000000002,
            "seed": 1029,
            "topology": [
                {
                    "py/id": 7
                },
                {
                    "py/id": 10
                }
            ],
            "unw_energies": {
                "air": 111.313,
                "angles": 0.0,
                "bonds": 0.0,
                "bsa": 901.667,
                "cdih": 0.0,
                "coup": 0.0,
                "dani": 0.0,
                "desolv": -1.5996,
                "dihe": 0.0,
                "elec": -3.15352,
                "improper": 0.0,
                "rdcs": 0.0,
                "rg": 0.0,
                "sym": 0.0,
                "total": 84.9685,
                "vdw": -23.1907,
                "vean": 0.0,
                "xpcs": 0.0
            }
        },
        {
            "clt_id": 2,
            "clt_model_rank": 3,
            "clt_rank": 1,
            "created": "2024-10-02 13:38:03",
            "file_name": "cluster_1_model_3.pdb",
            "file_type": {
                "py/id": 3
            },
            "full_name": "cluster_1_model_3.pdb",
            "len": NaN,
            "md5": null,
            "ori_name": "rigidbody_53.pdb",
            "path": "/jobs/5/output/03_seletopclusts",
            "py/object": "haddock.libs.libontology.PDBFile",
            "rel_path": {
                "py/reduce": [
                    {
                        "py/type": "pathlib.PosixPath"
                    },
                    {
                        "py/tuple": [
                            "..",
                            "03_seletopclusts",
                            "cluster_1_model_3.pdb"
                        ]
                    }
                ]
            },
            "restr_fname": {
                "py/id": 5
            },
            "score": -12.693456385000001,
            "seed": 970,
            "topology": [
                {
                    "py/id": 7
                },
                {
                    "py/id": 10
                }
            ],
            "unw_energies": {
                "air": 97.931,
                "angles": 0.0,
                "bonds": 0.0,
                "bsa": 1027.66,
                "cdih": 0.0,
                "coup": 0.0,
                "dani": 0.0,
                "desolv": 0.007976615,
                "dihe": 0.0,
                "elec": -3.13999,
                "improper": 0.0,
                "rdcs": 0.0,
                "rg": 0.0,
                "sym": 0.0,
                "total": 68.3757,
                "vdw": -26.4153,
                "vean": 0.0,
                "xpcs": 0.0
            }
        },
        {
            "clt_id": 2,
            "clt_model_rank": 4,
            "clt_rank": 1,
            "created": "2024-10-02 13:38:03",
            "file_name": "cluster_1_model_4.pdb",
            "file_type": {
                "py/id": 3
            },
            "full_name": "cluster_1_model_4.pdb",
            "len": NaN,
            "md5": null,
            "ori_name": "rigidbody_162.pdb",
            "path": "/jobs/5/output/03_seletopclusts",
            "py/object": "haddock.libs.libontology.PDBFile",
            "rel_path": {
                "py/reduce": [
                    {
                        "py/type": "pathlib.PosixPath"
                    },
                    {
                        "py/tuple": [
                            "..",
                            "03_seletopclusts",
                            "cluster_1_model_4.pdb"
                        ]
                    }
                ]
            },
            "restr_fname": {
                "py/id": 5
            },
            "score": -12.450031,
            "seed": 1079,
            "topology": [
                {
                    "py/id": 7
                },
                {
                    "py/id": 10
                }
            ],
            "unw_energies": {
                "air": 297.315,
                "angles": 0.0,
                "bonds": 0.0,
                "bsa": 1067.68,
                "cdih": 0.0,
                "coup": 0.0,
                "dani": 0.0,
                "desolv": -0.274577,
                "dihe": 0.0,
                "elec": -4.30033,
                "improper": 0.0,
                "rdcs": 0.0,
                "rg": 0.0,
                "sym": 0.0,
                "total": 275.867,
                "vdw": -17.1474,
                "vean": 0.0,
                "xpcs": 0.0
            }
        },
        {
            "clt_id": 2,
            "clt_model_rank": 5,
            "clt_rank": 1,
            "created": "2024-10-02 13:38:03",
            "file_name": "cluster_1_model_5.pdb",
            "file_type": {
                "py/id": 3
            },
            "full_name": "cluster_1_model_5.pdb",
            "len": NaN,
            "md5": null,
            "ori_name": "rigidbody_50.pdb",
            "path": "/jobs/5/output/03_seletopclusts",
            "py/object": "haddock.libs.libontology.PDBFile",
            "rel_path": {
                "py/reduce": [
                    {
                        "py/type": "pathlib.PosixPath"
                    },
                    {
                        "py/tuple": [
                            "..",
                            "03_seletopclusts",
                            "cluster_1_model_5.pdb"
                        ]
                    }
                ]
            },
            "restr_fname": {
                "py/id": 5
            },
            "score": -12.167102,
            "seed": 967,
            "topology": [
                {
                    "py/id": 7
                },
                {
                    "py/id": 10
                }
            ],
            "unw_energies": {
                "air": 226.929,
                "angles": 0.0,
                "bonds": 0.0,
                "bsa": 991.478,
                "cdih": 0.0,
                "coup": 0.0,
                "dani": 0.0,
                "desolv": -1.02969,
                "dihe": 0.0,
                "elec": -3.25305,
                "improper": 0.0,
                "rdcs": 0.0,
                "rg": 0.0,
                "sym": 0.0,
                "total": 199.789,
                "vdw": -23.8872,
                "vean": 0.0,
                "xpcs": 0.0
            }
        },
        {
            "clt_id": 2,
            "clt_model_rank": 6,
            "clt_rank": 1,
            "created": "2024-10-02 13:38:03",
            "file_name": "cluster_1_model_6.pdb",
            "file_type": {
                "py/id": 3
            },
            "full_name": "cluster_1_model_6.pdb",
            "len": NaN,
            "md5": null,
            "ori_name": "rigidbody_94.pdb",
            "path": "/jobs/5/output/03_seletopclusts",
            "py/object": "haddock.libs.libontology.PDBFile",
            "rel_path": {
                "py/reduce": [
                    {
                        "py/type": "pathlib.PosixPath"
                    },
                    {
                        "py/tuple": [
                            "..",
                            "03_seletopclusts",
                            "cluster_1_model_6.pdb"
                        ]
                    }
                ]
            },
            "restr_fname": {
                "py/id": 5
            },
            "score": -11.929049,
            "seed": 1011,
            "topology": [
                {
                    "py/id": 7
                },
                {
                    "py/id": 10
                }
            ],
            "unw_energies": {
                "air": 262.859,
                "angles": 0.0,
                "bonds": 0.0,
                "bsa": 850.562,
                "cdih": 0.0,
                "coup": 0.0,
                "dani": 0.0,
                "desolv": -1.05256,
                "dihe": 0.0,
                "elec": -4.79564,
                "improper": 0.0,
                "rdcs": 0.0,
                "rg": 0.0,
                "sym": 0.0,
                "total": 237.681,
                "vdw": -20.3819,
                "vean": 0.0,
                "xpcs": 0.0
            }
        },
        {
            "clt_id": 2,
            "clt_model_rank": 7,
            "clt_rank": 1,
            "created": "2024-10-02 13:38:03",
            "file_name": "cluster_1_model_7.pdb",
            "file_type": {
                "py/id": 3
            },
            "full_name": "cluster_1_model_7.pdb",
            "len": NaN,
            "md5": null,
            "ori_name": "rigidbody_125.pdb",
            "path": "/jobs/5/output/03_seletopclusts",
            "py/object": "haddock.libs.libontology.PDBFile",
            "rel_path": {
                "py/reduce": [
                    {
                        "py/type": "pathlib.PosixPath"
                    },
                    {
                        "py/tuple": [
                            "..",
                            "03_seletopclusts",
                            "cluster_1_model_7.pdb"
                        ]
                    }
                ]
            },
            "restr_fname": {
                "py/id": 5
            },
            "score": -11.851859000000001,
            "seed": 1042,
            "topology": [
                {
                    "py/id": 7
                },
                {
                    "py/id": 10
                }
            ],
            "unw_energies": {
                "air": 67.3261,
                "angles": 0.0,
                "bonds": 0.0,
                "bsa": 1004.04,
                "cdih": 0.0,
                "coup": 0.0,
                "dani": 0.0,
                "desolv": 0.132114,
                "dihe": 0.0,
                "elec": -2.3454,
                "improper": 0.0,
                "rdcs": 0.0,
                "rg": 0.0,
                "sym": 0.0,
                "total": 37.8373,
                "vdw": -27.1434,
                "vean": 0.0,
                "xpcs": 0.0
            }
        },
        {
            "clt_id": 2,
            "clt_model_rank": 8,
            "clt_rank": 1,
            "created": "2024-10-02 13:38:03",
            "file_name": "cluster_1_model_8.pdb",
            "file_type": {
                "py/id": 3
            },
            "full_name": "cluster_1_model_8.pdb",
            "len": NaN,
            "md5": null,
            "ori_name": "rigidbody_126.pdb",
            "path": "/jobs/5/output/03_seletopclusts",
            "py/object": "haddock.libs.libontology.PDBFile",
            "rel_path": {
                "py/reduce": [
                    {
                        "py/type": "pathlib.PosixPath"
                    },
                    {
                        "py/tuple": [
                            "..",
                            "03_seletopclusts",
                            "cluster_1_model_8.pdb"
                        ]
                    }
                ]
            },
            "restr_fname": {
                "py/id": 5
            },
            "score": -11.811225,
            "seed": 1043,
            "topology": [
                {
                    "py/id": 7
                },
                {
                    "py/id": 10
                }
            ],
            "unw_energies": {
                "air": 67.9806,
                "angles": 0.0,
                "bonds": 0.0,
                "bsa": 1031.46,
                "cdih": 0.0,
                "coup": 0.0,
                "dani": 0.0,
                "desolv": 0.511738,
                "dihe": 0.0,
                "elec": -2.42643,
                "improper": 0.0,
                "rdcs": 0.0,
                "rg": 0.0,
                "sym": 0.0,
                "total": 39.3803,
                "vdw": -26.1739,
                "vean": 0.0,
                "xpcs": 0.0
            }
        },
        {
            "clt_id": 2,
            "clt_model_rank": 9,
            "clt_rank": 1,
            "created": "2024-10-02 13:38:03",
            "file_name": "cluster_1_model_9.pdb",
            "file_type": {
                "py/id": 3
            },
            "full_name": "cluster_1_model_9.pdb",
            "len": NaN,
            "md5": null,
            "ori_name": "rigidbody_79.pdb",
            "path": "/jobs/5/output/03_seletopclusts",
            "py/object": "haddock.libs.libontology.PDBFile",
            "rel_path": {
                "py/reduce": [
                    {
                        "py/type": "pathlib.PosixPath"
                    },
                    {
                        "py/tuple": [
                            "..",
                            "03_seletopclusts",
                            "cluster_1_model_9.pdb"
                        ]
                    }
                ]
            },
            "restr_fname": {
                "py/id": 5
            },
            "score": -11.602513000000002,
            "seed": 996,
            "topology": [
                {
                    "py/id": 7
                },
                {
                    "py/id": 10
                }
            ],
            "unw_energies": {
                "air": 137.92,
                "angles": 0.0,
                "bonds": 0.0,
                "bsa": 969.897,
                "cdih": 0.0,
                "coup": 0.0,
                "dani": 0.0,
                "desolv": -1.39157,
                "dihe": 0.0,
                "elec": -1.6318,
                "improper": 0.0,
                "rdcs": 0.0,
                "rg": 0.0,
                "sym": 0.0,
                "total": 110.351,
                "vdw": -25.9373,
                "vean": 0.0,
                "xpcs": 0.0
            }
        },
        {
            "clt_id": 2,
            "clt_model_rank": 10,
            "clt_rank": 1,
            "created": "2024-10-02 13:38:03",
            "file_name": "cluster_1_model_10.pdb",
            "file_type": {
                "py/id": 3
            },
            "full_name": "cluster_1_model_10.pdb",
            "len": NaN,
            "md5": null,
            "ori_name": "rigidbody_193.pdb",
            "path": "/jobs/5/output/03_seletopclusts",
            "py/object": "haddock.libs.libontology.PDBFile",
            "rel_path": {
                "py/reduce": [
                    {
                        "py/type": "pathlib.PosixPath"
                    },
                    {
                        "py/tuple": [
                            "..",
                            "03_seletopclusts",
                            "cluster_1_model_10.pdb"
                        ]
                    }
                ]
            },
            "restr_fname": {
                "py/id": 5
            },
            "score": -11.376111,
            "seed": 1110,
            "topology": [
                {
                    "py/id": 7
                },
                {
                    "py/id": 10
                }
            ],
            "unw_energies": {
                "air": 398.075,
                "angles": 0.0,
                "bonds": 0.0,
                "bsa": 1026.85,
                "cdih": 0.0,
                "coup": 0.0,
                "dani": 0.0,
                "desolv": -1.63147,
                "dihe": 0.0,
                "elec": -3.23425,
                "improper": 0.0,
                "rdcs": 0.0,
                "rg": 0.0,
                "sym": 0.0,
                "total": 372.577,
                "vdw": -22.2641,
                "vean": 0.0,
                "xpcs": 0.0
            }
        },
        {
            "clt_id": 1,
            "clt_model_rank": 1,
            "clt_rank": 2,
            "created": "2024-10-02 13:38:03",
            "file_name": "cluster_2_model_1.pdb",
            "file_type": {
                "py/id": 3
            },
            "full_name": "cluster_2_model_1.pdb",
            "len": NaN,
            "md5": null,
            "ori_name": "rigidbody_143.pdb",
            "path": "/jobs/5/output/03_seletopclusts",
            "py/object": "haddock.libs.libontology.PDBFile",
            "rel_path": {
                "py/reduce": [
                    {
                        "py/type": "pathlib.PosixPath"
                    },
                    {
                        "py/tuple": [
                            "..",
                            "03_seletopclusts",
                            "cluster_2_model_1.pdb"
                        ]
                    }
                ]
            },
            "restr_fname": {
                "py/id": 5
            },
            "score": -11.207732,
            "seed": 1060,
            "topology": [
                {
                    "py/id": 7
                },
                {
                    "py/id": 10
                }
            ],
            "unw_energies": {
                "air": 323.465,
                "angles": 0.0,
                "bonds": 0.0,
                "bsa": 873.034,
                "cdih": 0.0,
                "coup": 0.0,
                "dani": 0.0,
                "desolv": -2.17125,
                "dihe": 0.0,
                "elec": -3.49691,
                "improper": 0.0,
                "rdcs": 0.0,
                "rg": 0.0,
                "sym": 0.0,
                "total": 315.58,
                "vdw": -4.3882,
                "vean": 0.0,
                "xpcs": 0.0
            }
        },
        {
            "clt_id": 1,
            "clt_model_rank": 2,
            "clt_rank": 2,
            "created": "2024-10-02 13:38:03",
            "file_name": "cluster_2_model_2.pdb",
            "file_type": {
                "py/id": 3
            },
            "full_name": "cluster_2_model_2.pdb",
            "len": NaN,
            "md5": null,
            "ori_name": "rigidbody_33.pdb",
            "path": "/jobs/5/output/03_seletopclusts",
            "py/object": "haddock.libs.libontology.PDBFile",
            "rel_path": {
                "py/reduce": [
                    {
                        "py/type": "pathlib.PosixPath"
                    },
                    {
                        "py/tuple": [
                            "..",
                            "03_seletopclusts",
                            "cluster_2_model_2.pdb"
                        ]
                    }
                ]
            },
            "restr_fname": {
                "py/id": 5
            },
            "score": -10.4188364,
            "seed": 950,
            "topology": [
                {
                    "py/id": 7
                },
                {
                    "py/id": 10
                }
            ],
            "unw_energies": {
                "air": 351.628,
                "angles": 0.0,
                "bonds": 0.0,
                "bsa": 873.859,
                "cdih": 0.0,
                "coup": 0.0,
                "dani": 0.0,
                "desolv": -1.67805,
                "dihe": 0.0,
                "elec": -3.48683,
                "improper": 0.0,
                "rdcs": 0.0,
                "rg": 0.0,
                "sym": 0.0,
                "total": 344.977,
                "vdw": -3.16464,
                "vean": 0.0,
                "xpcs": 0.0
            }
        },
        {
            "clt_id": 1,
            "clt_model_rank": 3,
            "clt_rank": 2,
            "created": "2024-10-02 13:38:03",
            "file_name": "cluster_2_model_3.pdb",
            "file_type": {
                "py/id": 3
            },
            "full_name": "cluster_2_model_3.pdb",
            "len": NaN,
            "md5": null,
            "ori_name": "rigidbody_60.pdb",
            "path": "/jobs/5/output/03_seletopclusts",
            "py/object": "haddock.libs.libontology.PDBFile",
            "rel_path": {
                "py/reduce": [
                    {
                        "py/type": "pathlib.PosixPath"
                    },
                    {
                        "py/tuple": [
                            "..",
                            "03_seletopclusts",
                            "cluster_2_model_3.pdb"
                        ]
                    }
                ]
            },
            "restr_fname": {
                "py/id": 5
            },
            "score": -9.618996,
            "seed": 977,
            "topology": [
                {
                    "py/id": 7
                },
                {
                    "py/id": 10
                }
            ],
            "unw_energies": {
                "air": 265.316,
                "angles": 0.0,
                "bonds": 0.0,
                "bsa": 1103.82,
                "cdih": 0.0,
                "coup": 0.0,
                "dani": 0.0,
                "desolv": 2.24778,
                "dihe": 0.0,
                "elec": -3.21682,
                "improper": 0.0,
                "rdcs": 0.0,
                "rg": 0.0,
                "sym": 0.0,
                "total": 235.608,
                "vdw": -26.4916,
                "vean": 0.0,
                "xpcs": 0.0
            }
        },
        {
            "clt_id": 1,
            "clt_model_rank": 4,
            "clt_rank": 2,
            "created": "2024-10-02 13:38:03",
            "file_name": "cluster_2_model_4.pdb",
            "file_type": {
                "py/id": 3
            },
            "full_name": "cluster_2_model_4.pdb",
            "len": NaN,
            "md5": null,
            "ori_name": "rigidbody_18.pdb",
            "path": "/jobs/5/output/03_seletopclusts",
            "py/object": "haddock.libs.libontology.PDBFile",
            "rel_path": {
                "py/reduce": [
                    {
                        "py/type": "pathlib.PosixPath"
                    },
                    {
                        "py/tuple": [
                            "..",
                            "03_seletopclusts",
                            "cluster_2_model_4.pdb"
                        ]
                    }
                ]
            },
            "restr_fname": {
                "py/id": 5
            },
            "score": -8.404445899999999,
            "seed": 935,
            "topology": [
                {
                    "py/id": 7
                },
                {
                    "py/id": 10
                }
            ],
            "unw_energies": {
                "air": 501.444,
                "angles": 0.0,
                "bonds": 0.0,
                "bsa": 834.216,
                "cdih": 0.0,
                "coup": 0.0,
                "dani": 0.0,
                "desolv": -1.46678,
                "dihe": 0.0,
                "elec": -3.59924,
                "improper": 0.0,
                "rdcs": 0.0,
                "rg": 0.0,
                "sym": 0.0,
                "total": 496.774,
                "vdw": -1.07059,
                "vean": 0.0,
                "xpcs": 0.0
            }
        },
        {
            "clt_id": 1,
            "clt_model_rank": 5,
            "clt_rank": 2,
            "created": "2024-10-02 13:38:03",
            "file_name": "cluster_2_model_5.pdb",
            "file_type": {
                "py/id": 3
            },
            "full_name": "cluster_2_model_5.pdb",
            "len": NaN,
            "md5": null,
            "ori_name": "rigidbody_170.pdb",
            "path": "/jobs/5/output/03_seletopclusts",
            "py/object": "haddock.libs.libontology.PDBFile",
            "rel_path": {
                "py/reduce": [
                    {
                        "py/type": "pathlib.PosixPath"
                    },
                    {
                        "py/tuple": [
                            "..",
                            "03_seletopclusts",
                            "cluster_2_model_5.pdb"
                        ]
                    }
                ]
            },
            "restr_fname": {
                "py/id": 5
            },
            "score": -8.2735184,
            "seed": 1087,
            "topology": [
                {
                    "py/id": 7
                },
                {
                    "py/id": 10
                }
            ],
            "unw_energies": {
                "air": 306.826,
                "angles": 0.0,
                "bonds": 0.0,
                "bsa": 918.187,
                "cdih": 0.0,
                "coup": 0.0,
                "dani": 0.0,
                "desolv": 2.20111,
                "dihe": 0.0,
                "elec": -4.28145,
                "improper": 0.0,
                "rdcs": 0.0,
                "rg": 0.0,
                "sym": 0.0,
                "total": 294.588,
                "vdw": -7.95684,
                "vean": 0.0,
                "xpcs": 0.0
            }
        },
        {
            "clt_id": 1,
            "clt_model_rank": 6,
            "clt_rank": 2,
            "created": "2024-10-02 13:38:03",
            "file_name": "cluster_2_model_6.pdb",
            "file_type": {
                "py/id": 3
            },
            "full_name": "cluster_2_model_6.pdb",
            "len": NaN,
            "md5": null,
            "ori_name": "rigidbody_2.pdb",
            "path": "/jobs/5/output/03_seletopclusts",
            "py/object": "haddock.libs.libontology.PDBFile",
            "rel_path": {
                "py/reduce": [
                    {
                        "py/type": "pathlib.PosixPath"
                    },
                    {
                        "py/tuple": [
                            "..",
                            "03_seletopclusts",
                            "cluster_2_model_6.pdb"
                        ]
                    }
                ]
            },
            "restr_fname": {
                "py/id": 5
            },
            "score": -8.009130299999999,
            "seed": 919,
            "topology": [
                {
                    "py/id": 7
                },
                {
                    "py/id": 10
                }
            ],
            "unw_energies": {
                "air": 289.437,
                "angles": 0.0,
                "bonds": 0.0,
                "bsa": 892.351,
                "cdih": 0.0,
                "coup": 0.0,
                "dani": 0.0,
                "desolv": 2.03482,
                "dihe": 0.0,
                "elec": -3.97517,
                "improper": 0.0,
                "rdcs": 0.0,
                "rg": 0.0,
                "sym": 0.0,
                "total": 281.498,
                "vdw": -3.96403,
                "vean": 0.0,
                "xpcs": 0.0
            }
        },
        {
            "clt_id": 1,
            "clt_model_rank": 7,
            "clt_rank": 2,
            "created": "2024-10-02 13:38:03",
            "file_name": "cluster_2_model_7.pdb",
            "file_type": {
                "py/id": 3
            },
            "full_name": "cluster_2_model_7.pdb",
            "len": NaN,
            "md5": null,
            "ori_name": "rigidbody_5.pdb",
            "path": "/jobs/5/output/03_seletopclusts",
            "py/object": "haddock.libs.libontology.PDBFile",
            "rel_path": {
                "py/reduce": [
                    {
                        "py/type": "pathlib.PosixPath"
                    },
                    {
                        "py/tuple": [
                            "..",
                            "03_seletopclusts",
                            "cluster_2_model_7.pdb"
                        ]
                    }
                ]
            },
            "restr_fname": {
                "py/id": 5
            },
            "score": -7.7894988000000005,
            "seed": 922,
            "topology": [
                {
                    "py/id": 7
                },
                {
                    "py/id": 10
                }
            ],
            "unw_energies": {
                "air": 412.054,
                "angles": 0.0,
                "bonds": 0.0,
                "bsa": 945.674,
                "cdih": 0.0,
                "coup": 0.0,
                "dani": 0.0,
                "desolv": 2.29248,
                "dihe": 0.0,
                "elec": -4.67436,
                "improper": 0.0,
                "rdcs": 0.0,
                "rg": 0.0,
                "sym": 0.0,
                "total": 400.238,
                "vdw": -7.14188,
                "vean": 0.0,
                "xpcs": 0.0
            }
        },
        {
            "clt_id": 1,
            "clt_model_rank": 8,
            "clt_rank": 2,
            "created": "2024-10-02 13:38:03",
            "file_name": "cluster_2_model_8.pdb",
            "file_type": {
                "py/id": 3
            },
            "full_name": "cluster_2_model_8.pdb",
            "len": NaN,
            "md5": null,
            "ori_name": "rigidbody_177.pdb",
            "path": "/jobs/5/output/03_seletopclusts",
            "py/object": "haddock.libs.libontology.PDBFile",
            "rel_path": {
                "py/reduce": [
                    {
                        "py/type": "pathlib.PosixPath"
                    },
                    {
                        "py/tuple": [
                            "..",
                            "03_seletopclusts",
                            "cluster_2_model_8.pdb"
                        ]
                    }
                ]
            },
            "restr_fname": {
                "py/id": 5
            },
            "score": -7.733694000000001,
            "seed": 1094,
            "topology": [
                {
                    "py/id": 7
                },
                {
                    "py/id": 10
                }
            ],
            "unw_energies": {
                "air": 251.737,
                "angles": 0.0,
                "bonds": 0.0,
                "bsa": 893.096,
                "cdih": 0.0,
                "coup": 0.0,
                "dani": 0.0,
                "desolv": 3.40652,
                "dihe": 0.0,
                "elec": -4.65189,
                "improper": 0.0,
                "rdcs": 0.0,
                "rg": 0.0,
                "sym": 0.0,
                "total": 239.611,
                "vdw": -7.4734,
                "vean": 0.0,
                "xpcs": 0.0
            }
        },
        {
            "clt_id": 1,
            "clt_model_rank": 9,
            "clt_rank": 2,
            "created": "2024-10-02 13:38:03",
            "file_name": "cluster_2_model_9.pdb",
            "file_type": {
                "py/id": 3
            },
            "full_name": "cluster_2_model_9.pdb",
            "len": NaN,
            "md5": null,
            "ori_name": "rigidbody_61.pdb",
            "path": "/jobs/5/output/03_seletopclusts",
            "py/object": "haddock.libs.libontology.PDBFile",
            "rel_path": {
                "py/reduce": [
                    {
                        "py/type": "pathlib.PosixPath"
                    },
                    {
                        "py/tuple": [
                            "..",
                            "03_seletopclusts",
                            "cluster_2_model_9.pdb"
                        ]
                    }
                ]
            },
            "restr_fname": {
                "py/id": 5
            },
            "score": -7.409822000000001,
            "seed": 978,
            "topology": [
                {
                    "py/id": 7
                },
                {
                    "py/id": 10
                }
            ],
            "unw_energies": {
                "air": 385.601,
                "angles": 0.0,
                "bonds": 0.0,
                "bsa": 1132.97,
                "cdih": 0.0,
                "coup": 0.0,
                "dani": 0.0,
                "desolv": 3.88475,
                "dihe": 0.0,
                "elec": -3.67871,
                "improper": 0.0,
                "rdcs": 0.0,
                "rg": 0.0,
                "sym": 0.0,
                "total": 367.705,
                "vdw": -14.2172,
                "vean": 0.0,
                "xpcs": 0.0
            }
        },
        {
            "clt_id": 1,
            "clt_model_rank": 10,
            "clt_rank": 2,
            "created": "2024-10-02 13:38:03",
            "file_name": "cluster_2_model_10.pdb",
            "file_type": {
                "py/id": 3
            },
            "full_name": "cluster_2_model_10.pdb",
            "len": NaN,
            "md5": null,
            "ori_name": "rigidbody_24.pdb",
            "path": "/jobs/5/output/03_seletopclusts",
            "py/object": "haddock.libs.libontology.PDBFile",
            "rel_path": {
                "py/reduce": [
                    {
                        "py/type": "pathlib.PosixPath"
                    },
                    {
                        "py/tuple": [
                            "..",
                            "03_seletopclusts",
                            "cluster_2_model_10.pdb"
                        ]
                    }
                ]
            },
            "restr_fname": {
                "py/id": 5
            },
            "score": -7.3894511000000005,
            "seed": 941,
            "topology": [
                {
                    "py/id": 7
                },
                {
                    "py/id": 10
                }
            ],
            "unw_energies": {
                "air": 421.079,
                "angles": 0.0,
                "bonds": 0.0,
                "bsa": 938.044,
                "cdih": 0.0,
                "coup": 0.0,
                "dani": 0.0,
                "desolv": 2.59536,
                "dihe": 0.0,
                "elec": -4.75127,
                "improper": 0.0,
                "rdcs": 0.0,
                "rg": 0.0,
                "sym": 0.0,
                "total": 409.938,
                "vdw": -6.38911,
                "vean": 0.0,
                "xpcs": 0.0
            }
        },
        {
            "clt_id": 3,
            "clt_model_rank": 1,
            "clt_rank": 3,
            "created": "2024-10-02 13:38:03",
            "file_name": "cluster_3_model_1.pdb",
            "file_type": {
                "py/id": 3
            },
            "full_name": "cluster_3_model_1.pdb",
            "len": NaN,
            "md5": null,
            "ori_name": "rigidbody_84.pdb",
            "path": "/jobs/5/output/03_seletopclusts",
            "py/object": "haddock.libs.libontology.PDBFile",
            "rel_path": {
                "py/reduce": [
                    {
                        "py/type": "pathlib.PosixPath"
                    },
                    {
                        "py/tuple": [
                            "..",
                            "03_seletopclusts",
                            "cluster_3_model_1.pdb"
                        ]
                    }
                ]
            },
            "restr_fname": {
                "py/id": 5
            },
            "score": -9.765272199999998,
            "seed": 1001,
            "topology": [
                {
                    "py/id": 7
                },
                {
                    "py/id": 10
                }
            ],
            "unw_energies": {
                "air": 405.258,
                "angles": 0.0,
                "bonds": 0.0,
                "bsa": 650.189,
                "cdih": 0.0,
                "coup": 0.0,
                "dani": 0.0,
                "desolv": 1.99708,
                "dihe": 0.0,
                "elec": -9.4045,
                "improper": 0.0,
                "rdcs": 0.0,
                "rg": 0.0,
                "sym": 0.0,
                "total": 404.999,
                "vdw": 9.14578,
                "vean": 0.0,
                "xpcs": 0.0
            }
        },
        {
            "clt_id": 3,
            "clt_model_rank": 2,
            "clt_rank": 3,
            "created": "2024-10-02 13:38:03",
            "file_name": "cluster_3_model_2.pdb",
            "file_type": {
                "py/id": 3
            },
            "full_name": "cluster_3_model_2.pdb",
            "len": NaN,
            "md5": null,
            "ori_name": "rigidbody_54.pdb",
            "path": "/jobs/5/output/03_seletopclusts",
            "py/object": "haddock.libs.libontology.PDBFile",
            "rel_path": {
                "py/reduce": [
                    {
                        "py/type": "pathlib.PosixPath"
                    },
                    {
                        "py/tuple": [
                            "..",
                            "03_seletopclusts",
                            "cluster_3_model_2.pdb"
                        ]
                    }
                ]
            },
            "restr_fname": {
                "py/id": 5
            },
            "score": -9.530223800000002,
            "seed": 971,
            "topology": [
                {
                    "py/id": 7
                },
                {
                    "py/id": 10
                }
            ],
            "unw_energies": {
                "air": 279.566,
                "angles": 0.0,
                "bonds": 0.0,
                "bsa": 720.137,
                "cdih": 0.0,
                "coup": 0.0,
                "dani": 0.0,
                "desolv": -2.75041,
                "dihe": 0.0,
                "elec": -2.41509,
                "improper": 0.0,
                "rdcs": 0.0,
                "rg": 0.0,
                "sym": 0.0,
                "total": 281.249,
                "vdw": 4.09862,
                "vean": 0.0,
                "xpcs": 0.0
            }
        },
        {
            "clt_id": 3,
            "clt_model_rank": 3,
            "clt_rank": 3,
            "created": "2024-10-02 13:38:03",
            "file_name": "cluster_3_model_3.pdb",
            "file_type": {
                "py/id": 3
            },
            "full_name": "cluster_3_model_3.pdb",
            "len": NaN,
            "md5": null,
            "ori_name": "rigidbody_198.pdb",
            "path": "/jobs/5/output/03_seletopclusts",
            "py/object": "haddock.libs.libontology.PDBFile",
            "rel_path": {
                "py/reduce": [
                    {
                        "py/type": "pathlib.PosixPath"
                    },
                    {
                        "py/tuple": [
                            "..",
                            "03_seletopclusts",
                            "cluster_3_model_3.pdb"
                        ]
                    }
                ]
            },
            "restr_fname": {
                "py/id": 5
            },
            "score": -9.0540597,
            "seed": 1115,
            "topology": [
                {
                    "py/id": 7
                },
                {
                    "py/id": 10
                }
            ],
            "unw_energies": {
                "air": 427.096,
                "angles": 0.0,
                "bonds": 0.0,
                "bsa": 805.825,
                "cdih": 0.0,
                "coup": 0.0,
                "dani": 0.0,
                "desolv": 1.05061,
                "dihe": 0.0,
                "elec": -6.35289,
                "improper": 0.0,
                "rdcs": 0.0,
                "rg": 0.0,
                "sym": 0.0,
                "total": 424.294,
                "vdw": 3.55103,
                "vean": 0.0,
                "xpcs": 0.0
            }
        },
        {
            "clt_id": 3,
            "clt_model_rank": 4,
            "clt_rank": 3,
            "created": "2024-10-02 13:38:03",
            "file_name": "cluster_3_model_4.pdb",
            "file_type": {
                "py/id": 3
            },
            "full_name": "cluster_3_model_4.pdb",
            "len": NaN,
            "md5": null,
            "ori_name": "rigidbody_90.pdb",
            "path": "/jobs/5/output/03_seletopclusts",
            "py/object": "haddock.libs.libontology.PDBFile",
            "rel_path": {
                "py/reduce": [
                    {
                        "py/type": "pathlib.PosixPath"
                    },
                    {
                        "py/tuple": [
                            "..",
                            "03_seletopclusts",
                            "cluster_3_model_4.pdb"
                        ]
                    }
                ]
            },
            "restr_fname": {
                "py/id": 5
            },
            "score": -8.088577,
            "seed": 1007,
            "topology": [
                {
                    "py/id": 7
                },
                {
                    "py/id": 10
                }
            ],
            "unw_energies": {
                "air": 517.784,
                "angles": 0.0,
                "bonds": 0.0,
                "bsa": 786.67,
                "cdih": 0.0,
                "coup": 0.0,
                "dani": 0.0,
                "desolv": 0.982914,
                "dihe": 0.0,
                "elec": -6.5058,
                "improper": 0.0,
                "rdcs": 0.0,
                "rg": 0.0,
                "sym": 0.0,
                "total": 523.595,
                "vdw": 12.3169,
                "vean": 0.0,
                "xpcs": 0.0
            }
        },
        {
            "clt_id": 3,
            "clt_model_rank": 5,
            "clt_rank": 3,
            "created": "2024-10-02 13:38:03",
            "file_name": "cluster_3_model_5.pdb",
            "file_type": {
                "py/id": 3
            },
            "full_name": "cluster_3_model_5.pdb",
            "len": NaN,
            "md5": null,
            "ori_name": "rigidbody_176.pdb",
            "path": "/jobs/5/output/03_seletopclusts",
            "py/object": "haddock.libs.libontology.PDBFile",
            "rel_path": {
                "py/reduce": [
                    {
                        "py/type": "pathlib.PosixPath"
                    },
                    {
                        "py/tuple": [
                            "..",
                            "03_seletopclusts",
                            "cluster_3_model_5.pdb"
                        ]
                    }
                ]
            },
            "restr_fname": {
                "py/id": 5
            },
            "score": -7.6372158,
            "seed": 1093,
            "topology": [
                {
                    "py/id": 7
                },
                {
                    "py/id": 10
                }
            ],
            "unw_energies": {
                "air": 366.309,
                "angles": 0.0,
                "bonds": 0.0,
                "bsa": 744.128,
                "cdih": 0.0,
                "coup": 0.0,
                "dani": 0.0,
                "desolv": -1.66803,
                "dihe": 0.0,
                "elec": -2.2684,
                "improper": 0.0,
                "rdcs": 0.0,
                "rg": 0.0,
                "sym": 0.0,
                "total": 371.781,
                "vdw": 7.74042,
                "vean": 0.0,
                "xpcs": 0.0
            }
        },
        {
            "clt_id": 3,
            "clt_model_rank": 6,
            "clt_rank": 3,
            "created": "2024-10-02 13:38:03",
            "file_name": "cluster_3_model_6.pdb",
            "file_type": {
                "py/id": 3
            },
            "full_name": "cluster_3_model_6.pdb",
            "len": NaN,
            "md5": null,
            "ori_name": "rigidbody_200.pdb",
            "path": "/jobs/5/output/03_seletopclusts",
            "py/object": "haddock.libs.libontology.PDBFile",
            "rel_path": {
                "py/reduce": [
                    {
                        "py/type": "pathlib.PosixPath"
                    },
                    {
                        "py/tuple": [
                            "..",
                            "03_seletopclusts",
                            "cluster_3_model_6.pdb"
                        ]
                    }
                ]
            },
            "restr_fname": {
                "py/id": 5
            },
            "score": -6.537454800000001,
            "seed": 1117,
            "topology": [
                {
                    "py/id": 7
                },
                {
                    "py/id": 10
                }
            ],
            "unw_energies": {
                "air": 488.691,
                "angles": 0.0,
                "bonds": 0.0,
                "bsa": 770.948,
                "cdih": 0.0,
                "coup": 0.0,
                "dani": 0.0,
                "desolv": 2.07814,
                "dihe": 0.0,
                "elec": -5.8308,
                "improper": 0.0,
                "rdcs": 0.0,
                "rg": 0.0,
                "sym": 0.0,
                "total": 486.637,
                "vdw": 3.77752,
                "vean": 0.0,
                "xpcs": 0.0
            }
        },
        {
            "clt_id": 3,
            "clt_model_rank": 7,
            "clt_rank": 3,
            "created": "2024-10-02 13:38:03",
            "file_name": "cluster_3_model_7.pdb",
            "file_type": {
                "py/id": 3
            },
            "full_name": "cluster_3_model_7.pdb",
            "len": NaN,
            "md5": null,
            "ori_name": "rigidbody_121.pdb",
            "path": "/jobs/5/output/03_seletopclusts",
            "py/object": "haddock.libs.libontology.PDBFile",
            "rel_path": {
                "py/reduce": [
                    {
                        "py/type": "pathlib.PosixPath"
                    },
                    {
                        "py/tuple": [
                            "..",
                            "03_seletopclusts",
                            "cluster_3_model_7.pdb"
                        ]
                    }
                ]
            },
            "restr_fname": {
                "py/id": 5
            },
            "score": -6.460726,
            "seed": 1038,
            "topology": [
                {
                    "py/id": 7
                },
                {
                    "py/id": 10
                }
            ],
            "unw_energies": {
                "air": 809.185,
                "angles": 0.0,
                "bonds": 0.0,
                "bsa": 704.418,
                "cdih": 0.0,
                "coup": 0.0,
                "dani": 0.0,
                "desolv": 2.18632,
                "dihe": 0.0,
                "elec": -9.99207,
                "improper": 0.0,
                "rdcs": 0.0,
                "rg": 0.0,
                "sym": 0.0,
                "total": 828.928,
                "vdw": 29.7354,
                "vean": 0.0,
                "xpcs": 0.0
            }
        },
        {
            "clt_id": 3,
            "clt_model_rank": 8,
            "clt_rank": 3,
            "created": "2024-10-02 13:38:03",
            "file_name": "cluster_3_model_8.pdb",
            "file_type": {
                "py/id": 3
            },
            "full_name": "cluster_3_model_8.pdb",
            "len": NaN,
            "md5": null,
            "ori_name": "rigidbody_80.pdb",
            "path": "/jobs/5/output/03_seletopclusts",
            "py/object": "haddock.libs.libontology.PDBFile",
            "rel_path": {
                "py/reduce": [
                    {
                        "py/type": "pathlib.PosixPath"
                    },
                    {
                        "py/tuple": [
                            "..",
                            "03_seletopclusts",
                            "cluster_3_model_8.pdb"
                        ]
                    }
                ]
            },
            "restr_fname": {
                "py/id": 5
            },
            "score": -5.940035,
            "seed": 997,
            "topology": [
                {
                    "py/id": 7
                },
                {
                    "py/id": 10
                }
            ],
            "unw_energies": {
                "air": 461.811,
                "angles": 0.0,
                "bonds": 0.0,
                "bsa": 798.048,
                "cdih": 0.0,
                "coup": 0.0,
                "dani": 0.0,
                "desolv": -0.404493,
                "dihe": 0.0,
                "elec": -2.35024,
                "improper": 0.0,
                "rdcs": 0.0,
                "rg": 0.0,
                "sym": 0.0,
                "total": 477.167,
                "vdw": 17.7068,
                "vean": 0.0,
                "xpcs": 0.0
            }
        },
        {
            "clt_id": 3,
            "clt_model_rank": 9,
            "clt_rank": 3,
            "created": "2024-10-02 13:38:03",
            "file_name": "cluster_3_model_9.pdb",
            "file_type": {
                "py/id": 3
            },
            "full_name": "cluster_3_model_9.pdb",
            "len": NaN,
            "md5": null,
            "ori_name": "rigidbody_161.pdb",
            "path": "/jobs/5/output/03_seletopclusts",
            "py/object": "haddock.libs.libontology.PDBFile",
            "rel_path": {
                "py/reduce": [
                    {
                        "py/type": "pathlib.PosixPath"
                    },
                    {
                        "py/tuple": [
                            "..",
                            "03_seletopclusts",
                            "cluster_3_model_9.pdb"
                        ]
                    }
                ]
            },
            "restr_fname": {
                "py/id": 5
            },
            "score": -5.702173000000001,
            "seed": 1078,
            "topology": [
                {
                    "py/id": 7
                },
                {
                    "py/id": 10
                }
            ],
            "unw_energies": {
                "air": 580.064,
                "angles": 0.0,
                "bonds": 0.0,
                "bsa": 784.556,
                "cdih": 0.0,
                "coup": 0.0,
                "dani": 0.0,
                "desolv": -1.34803,
                "dihe": 0.0,
                "elec": -2.48899,
                "improper": 0.0,
                "rdcs": 0.0,
                "rg": 0.0,
                "sym": 0.0,
                "total": 595.552,
                "vdw": 17.9767,
                "vean": 0.0,
                "xpcs": 0.0
            }
        },
        {
            "clt_id": 3,
            "clt_model_rank": 10,
            "clt_rank": 3,
            "created": "2024-10-02 13:38:03",
            "file_name": "cluster_3_model_10.pdb",
            "file_type": {
                "py/id": 3
            },
            "full_name": "cluster_3_model_10.pdb",
            "len": NaN,
            "md5": null,
            "ori_name": "rigidbody_101.pdb",
            "path": "/jobs/5/output/03_seletopclusts",
            "py/object": "haddock.libs.libontology.PDBFile",
            "rel_path": {
                "py/reduce": [
                    {
                        "py/type": "pathlib.PosixPath"
                    },
                    {
                        "py/tuple": [
                            "..",
                            "03_seletopclusts",
                            "cluster_3_model_10.pdb"
                        ]
                    }
                ]
            },
            "restr_fname": {
                "py/id": 5
            },
            "score": -5.556099000000001,
            "seed": 1018,
            "topology": [
                {
                    "py/id": 7
                },
                {
                    "py/id": 10
                }
            ],
            "unw_energies": {
                "air": 600.069,
                "angles": 0.0,
                "bonds": 0.0,
                "bsa": 805.029,
                "cdih": 0.0,
                "coup": 0.0,
                "dani": 0.0,
                "desolv": -1.25729,
                "dihe": 0.0,
                "elec": -2.38714,
                "improper": 0.0,
                "rdcs": 0.0,
                "rg": 0.0,
                "sym": 0.0,
                "total": 611.475,
                "vdw": 13.7931,
                "vean": 0.0,
                "xpcs": 0.0
            }
        }
    ],
    "output": [
        {
            "py/id": 2
        },
        {
            "py/id": 13
        },
        {
            "py/id": 17
        },
        {
            "py/id": 21
        },
        {
            "py/id": 25
        },
        {
            "py/id": 29
        },
        {
            "py/id": 33
        },
        {
            "py/id": 37
        },
        {
            "py/id": 41
        },
        {
            "py/id": 45
        },
        {
            "py/id": 49
        },
        {
            "py/id": 53
        },
        {
            "py/id": 89
        },
        {
            "py/id": 57
        },
        {
            "py/id": 93
        },
        {
            "py/id": 97
        },
        {
            "py/id": 61
        },
        {
            "py/id": 65
        },
        {
            "py/id": 101
        },
        {
            "py/id": 69
        },
        {
            "py/id": 73
        },
        {
            "py/id": 77
        },
        {
            "py/id": 105
        },
        {
            "py/id": 81
        },
        {
            "py/id": 85
        },
        {
            "py/id": 109
        },
        {
            "py/id": 113
        },
        {
            "py/id": 117
        },
        {
            "py/id": 121
        },
        {
            "py/id": 125
        }
    ]
}