rank	model_name	score	cluster_id
1	rigidbody_87.pdb	-15.64	-
2	rigidbody_110.pdb	-12.91	2
3	rigidbody_112.pdb	-12.89	2
4	rigidbody_53.pdb	-12.69	2
5	rigidbody_162.pdb	-12.45	2
6	rigidbody_98.pdb	-12.27	-
7	rigidbody_50.pdb	-12.17	2
8	rigidbody_94.pdb	-11.93	2
9	rigidbody_125.pdb	-11.85	2
10	rigidbody_106.pdb	-11.83	-
11	rigidbody_126.pdb	-11.81	2
12	rigidbody_79.pdb	-11.60	2
13	rigidbody_193.pdb	-11.38	2
14	rigidbody_131.pdb	-11.32	2
15	rigidbody_143.pdb	-11.21	1
16	rigidbody_8.pdb	-11.02	2
17	rigidbody_144.pdb	-10.98	2
18	rigidbody_191.pdb	-10.96	2
19	rigidbody_55.pdb	-10.74	2
20	rigidbody_97.pdb	-10.66	2
21	rigidbody_34.pdb	-10.64	2
22	rigidbody_33.pdb	-10.42	1
23	rigidbody_157.pdb	-10.40	-
24	rigidbody_37.pdb	-10.34	2
25	rigidbody_188.pdb	-10.28	2
26	rigidbody_183.pdb	-10.27	2
27	rigidbody_146.pdb	-10.23	2
28	rigidbody_28.pdb	-10.21	-
29	rigidbody_47.pdb	-10.21	2
30	rigidbody_130.pdb	-10.20	2
31	rigidbody_128.pdb	-10.19	2
32	rigidbody_111.pdb	-10.18	-
33	rigidbody_185.pdb	-10.16	2
34	rigidbody_175.pdb	-10.13	2
35	rigidbody_99.pdb	-10.13	2
36	rigidbody_40.pdb	-10.05	2
37	rigidbody_141.pdb	-9.83	2
38	rigidbody_84.pdb	-9.77	3
39	rigidbody_113.pdb	-9.73	2
40	rigidbody_172.pdb	-9.67	2
41	rigidbody_189.pdb	-9.62	-
42	rigidbody_60.pdb	-9.62	1
43	rigidbody_54.pdb	-9.53	3
44	rigidbody_86.pdb	-9.48	2
45	rigidbody_78.pdb	-9.47	2
46	rigidbody_73.pdb	-9.41	2
47	rigidbody_149.pdb	-9.35	2
48	rigidbody_75.pdb	-9.27	-
49	rigidbody_9.pdb	-9.22	2
50	rigidbody_133.pdb	-9.19	2
51	rigidbody_72.pdb	-9.18	-
52	rigidbody_64.pdb	-9.14	-
53	rigidbody_138.pdb	-9.09	2
54	rigidbody_196.pdb	-9.08	-
55	rigidbody_198.pdb	-9.05	3
56	rigidbody_159.pdb	-9.01	2
57	rigidbody_186.pdb	-9.00	2
58	rigidbody_107.pdb	-8.98	2
59	rigidbody_39.pdb	-8.96	2
60	rigidbody_11.pdb	-8.92	2
61	rigidbody_6.pdb	-8.87	2
62	rigidbody_194.pdb	-8.86	-
63	rigidbody_67.pdb	-8.61	2
64	rigidbody_160.pdb	-8.61	2
65	rigidbody_139.pdb	-8.58	-
66	rigidbody_178.pdb	-8.52	2
67	rigidbody_76.pdb	-8.50	2
68	rigidbody_31.pdb	-8.48	2
69	rigidbody_65.pdb	-8.42	2
70	rigidbody_18.pdb	-8.40	1
71	rigidbody_29.pdb	-8.32	2
72	rigidbody_170.pdb	-8.27	1
73	rigidbody_154.pdb	-8.26	2
74	rigidbody_118.pdb	-8.26	2
75	rigidbody_23.pdb	-8.22	2
76	rigidbody_52.pdb	-8.22	-
77	rigidbody_51.pdb	-8.17	2
78	rigidbody_90.pdb	-8.09	3
79	rigidbody_2.pdb	-8.01	1
80	rigidbody_48.pdb	-7.98	-
81	rigidbody_45.pdb	-7.94	2
82	rigidbody_174.pdb	-7.83	2
83	rigidbody_5.pdb	-7.79	1
84	rigidbody_164.pdb	-7.79	2
85	rigidbody_177.pdb	-7.73	1
86	rigidbody_197.pdb	-7.70	-
87	rigidbody_102.pdb	-7.69	2
88	rigidbody_41.pdb	-7.65	-
89	rigidbody_176.pdb	-7.64	3
90	rigidbody_115.pdb	-7.62	-
91	rigidbody_105.pdb	-7.57	-
92	rigidbody_21.pdb	-7.55	2
93	rigidbody_61.pdb	-7.41	1
94	rigidbody_24.pdb	-7.39	1
95	rigidbody_109.pdb	-7.35	2
96	rigidbody_158.pdb	-7.22	1
97	rigidbody_43.pdb	-7.16	-
98	rigidbody_66.pdb	-7.12	-
99	rigidbody_136.pdb	-7.10	2
100	rigidbody_74.pdb	-7.10	-
101	rigidbody_119.pdb	-7.08	-
102	rigidbody_49.pdb	-7.01	2
103	rigidbody_165.pdb	-6.87	1
104	rigidbody_35.pdb	-6.85	1
105	rigidbody_190.pdb	-6.85	1
106	rigidbody_155.pdb	-6.83	2
107	rigidbody_156.pdb	-6.81	1
108	rigidbody_15.pdb	-6.79	1
109	rigidbody_83.pdb	-6.77	1
110	rigidbody_169.pdb	-6.75	1
111	rigidbody_147.pdb	-6.64	-
112	rigidbody_200.pdb	-6.54	3
113	rigidbody_59.pdb	-6.54	1
114	rigidbody_152.pdb	-6.49	1
115	rigidbody_95.pdb	-6.47	2
116	rigidbody_27.pdb	-6.46	1
117	rigidbody_121.pdb	-6.46	3
118	rigidbody_192.pdb	-6.46	1
119	rigidbody_13.pdb	-6.45	2
120	rigidbody_36.pdb	-6.41	1
121	rigidbody_117.pdb	-6.38	1
122	rigidbody_42.pdb	-6.36	2
123	rigidbody_20.pdb	-6.35	1
124	rigidbody_137.pdb	-6.30	2
125	rigidbody_140.pdb	-6.28	1
126	rigidbody_69.pdb	-6.28	1
127	rigidbody_7.pdb	-6.27	1
128	rigidbody_38.pdb	-6.27	1
129	rigidbody_92.pdb	-6.22	1
130	rigidbody_182.pdb	-6.18	1
131	rigidbody_85.pdb	-6.01	-
132	rigidbody_151.pdb	-5.95	1
133	rigidbody_80.pdb	-5.94	3
134	rigidbody_173.pdb	-5.94	2
135	rigidbody_19.pdb	-5.92	-
136	rigidbody_120.pdb	-5.82	2
137	rigidbody_124.pdb	-5.80	1
138	rigidbody_163.pdb	-5.78	2
139	rigidbody_127.pdb	-5.73	1
140	rigidbody_161.pdb	-5.70	3
141	rigidbody_63.pdb	-5.59	-
142	rigidbody_3.pdb	-5.59	1
143	rigidbody_171.pdb	-5.57	1
144	rigidbody_101.pdb	-5.56	3
145	rigidbody_46.pdb	-5.52	1
146	rigidbody_26.pdb	-5.51	1
147	rigidbody_44.pdb	-5.47	1
148	rigidbody_123.pdb	-5.42	3
149	rigidbody_187.pdb	-5.42	1
150	rigidbody_195.pdb	-5.42	1
151	rigidbody_58.pdb	-5.40	2
152	rigidbody_14.pdb	-5.39	1
153	rigidbody_180.pdb	-5.39	1
154	rigidbody_25.pdb	-5.38	1
155	rigidbody_68.pdb	-5.32	3
156	rigidbody_71.pdb	-5.30	1
157	rigidbody_56.pdb	-5.28	1
158	rigidbody_104.pdb	-5.25	1
159	rigidbody_82.pdb	-5.18	-
160	rigidbody_142.pdb	-5.17	1
161	rigidbody_100.pdb	-5.17	-
162	rigidbody_88.pdb	-5.12	1
163	rigidbody_62.pdb	-5.11	1
164	rigidbody_70.pdb	-5.09	1
165	rigidbody_199.pdb	-5.06	1
166	rigidbody_132.pdb	-5.03	1
167	rigidbody_17.pdb	-5.00	1
168	rigidbody_116.pdb	-4.97	1
169	rigidbody_32.pdb	-4.96	3
170	rigidbody_122.pdb	-4.96	1
171	rigidbody_57.pdb	-4.89	1
172	rigidbody_16.pdb	-4.84	1
173	rigidbody_148.pdb	-4.83	1
174	rigidbody_134.pdb	-4.81	1
175	rigidbody_93.pdb	-4.75	1
176	rigidbody_184.pdb	-4.62	1
177	rigidbody_22.pdb	-4.48	1
178	rigidbody_10.pdb	-4.47	-
179	rigidbody_129.pdb	-4.46	1
180	rigidbody_167.pdb	-4.45	1
181	rigidbody_114.pdb	-4.37	3
182	rigidbody_4.pdb	-4.37	1
183	rigidbody_145.pdb	-4.36	2
184	rigidbody_135.pdb	-4.30	1
185	rigidbody_1.pdb	-4.24	1
186	rigidbody_96.pdb	-4.11	-
187	rigidbody_168.pdb	-4.10	1
188	rigidbody_150.pdb	-3.99	1
189	rigidbody_30.pdb	-3.80	1
190	rigidbody_89.pdb	-3.80	3
191	rigidbody_103.pdb	-3.71	1
192	rigidbody_166.pdb	-3.62	1
193	rigidbody_81.pdb	-3.61	-
194	rigidbody_179.pdb	-3.41	1
195	rigidbody_181.pdb	-3.21	3
196	rigidbody_153.pdb	-2.66	1
197	rigidbody_108.pdb	-2.60	3
198	rigidbody_12.pdb	-2.35	1
199	rigidbody_91.pdb	-2.15	-
200	rigidbody_77.pdb	-0.89	1

