################################################################################
# This file contains extracted contacts half-matrix information
# atom1: Chain-Resname-ResID-Atome key identifying first atom
# atom2: Chain-Resname-ResID-Atome key identifying second atom
# avg_dist: Cluster average distance
# nb_dists: Total number of observed distances
# std_dist: Cluster distance standard deviation
################################################################################
atom1	atom2	avg_dist	nb_dists	std_dist
A-30-SER-O	B-72-VAL-CG2	4.14	4	0.29
A-30-SER-O	B-73-LEU-O	4.01	2	0.49
A-30-SER-CA	B-74-LYS-NZ	4.05	1	0.0
A-30-SER-CB	B-74-LYS-NZ	3.57	1	0.0
A-30-SER-OG	B-74-LYS-CE	4.06	1	0.0
A-30-SER-OG	B-74-LYS-NZ	2.82	1	0.0
A-30-SER-C	B-74-LYS-NZ	3.32	1	0.0
A-30-SER-O	B-74-LYS-CA	4.22	1	0.0
A-30-SER-O	B-74-LYS-CB	4.48	1	0.0
A-30-SER-O	B-74-LYS-CG	3.65	1	0.0
A-30-SER-O	B-74-LYS-CD	3.92	1	0.0
A-30-SER-O	B-74-LYS-CE	3.8	1	0.0
A-30-SER-O	B-74-LYS-NZ	2.72	1	0.0
A-31-THR-C	B-72-VAL-CG2	4.18	2	0.05
A-31-THR-N	B-74-LYS-NZ	3.99	1	0.0
A-31-THR-CA	B-74-LYS-NZ	4.21	1	0.0
A-31-THR-OG1	B-74-LYS-NZ	4.25	1	0.0
A-32-SER-OG	B-70-SER-CB	4.16	4	0.13
A-32-SER-OG	B-70-SER-OG	4.18	4	0.18
A-32-SER-OG	B-71-CYS-O	3.56	9	0.65
A-32-SER-N	B-72-VAL-CB	4.31	2	0.15
A-32-SER-N	B-72-VAL-CG2	3.75	6	0.33
A-32-SER-CA	B-72-VAL-CB	4.4	1	0.0
A-32-SER-CA	B-72-VAL-CG2	3.98	4	0.14
A-32-SER-CB	B-72-VAL-CA	4.08	10	0.26
A-32-SER-CB	B-72-VAL-CB	3.89	7	0.35
A-32-SER-CB	B-72-VAL-CG2	3.62	6	0.17
A-32-SER-OG	B-72-VAL-CA	4.0	7	0.57
A-32-SER-OG	B-72-VAL-CB	3.98	5	0.23
A-32-SER-OG	B-72-VAL-CG2	3.89	4	0.43
A-32-SER-CB	B-81-GLN-CD	4.08	3	0.25
A-32-SER-CB	B-81-GLN-OE1	3.45	1	0.0
A-32-SER-CB	B-81-GLN-NE2	3.54	4	0.19
A-32-SER-OG	B-81-GLN-CD	4.14	1	0.0
A-32-SER-OG	B-81-GLN-OE1	4.27	1	0.0
A-32-SER-OG	B-81-GLN-NE2	3.95	4	0.15
A-32-SER-CA	B-83-GLU-OE1	4.13	4	0.05
A-32-SER-CB	B-83-GLU-CD	4.08	4	0.16
A-32-SER-CB	B-83-GLU-OE1	3.16	4	0.07
A-32-SER-OG	B-83-GLU-CD	3.52	4	0.13
A-32-SER-OG	B-83-GLU-OE1	2.62	4	0.03
A-32-SER-OG	B-83-GLU-OE2	3.72	4	0.3
A-32-SER-C	B-83-GLU-CD	4.1	4	0.12
A-32-SER-C	B-83-GLU-OE1	3.87	4	0.13
A-32-SER-C	B-83-GLU-OE2	3.98	4	0.2
A-32-SER-O	B-83-GLU-CD	3.82	4	0.16
A-32-SER-O	B-83-GLU-OE1	3.79	4	0.18
A-32-SER-O	B-83-GLU-OE2	3.85	4	0.21
A-32-SER-OG	B-98-ARG-CB	4.24	5	0.13
A-32-SER-OG	B-98-ARG-CG	4.13	4	0.09
A-32-SER-OG	B-98-ARG-CD	3.15	4	0.11
A-32-SER-OG	B-98-ARG-NE	4.03	4	0.21
A-33-GLY-N	B-83-GLU-OE1	4.26	2	0.11
A-33-GLY-N	B-83-GLU-OE2	3.98	4	0.2
A-33-GLY-CA	B-83-GLU-OE2	3.81	4	0.21
A-33-GLY-N	B-98-ARG-CD	4.2	6	0.17
A-33-GLY-N	B-98-ARG-NE	3.92	5	0.15
A-33-GLY-N	B-98-ARG-CZ	3.99	5	0.15
A-33-GLY-N	B-98-ARG-NH1	4.09	4	0.27
A-33-GLY-CA	B-98-ARG-CD	4.27	4	0.14
A-33-GLY-CA	B-98-ARG-NE	4.05	7	0.3
A-33-GLY-CA	B-98-ARG-CZ	3.54	5	0.08
A-33-GLY-CA	B-98-ARG-NH1	3.65	5	0.42
A-33-GLY-CA	B-98-ARG-NH2	3.71	5	0.26
A-33-GLY-O	B-98-ARG-NH2	4.34	3	0.09
A-54-TRP-CE3	B-98-ARG-NH2	3.99	7	0.29
A-54-TRP-CZ2	B-98-ARG-NH2	3.72	7	0.53
A-54-TRP-CZ3	B-98-ARG-CZ	4.34	2	0.04
A-54-TRP-CZ3	B-98-ARG-NH2	3.87	8	0.47
A-54-TRP-CH2	B-98-ARG-NH2	3.65	7	0.11
A-55-TRP-NE1	B-71-CYS-O	4.44	1	0.0
A-55-TRP-CZ2	B-71-CYS-O	3.86	4	0.43
A-55-TRP-CD1	B-72-VAL-CG2	4.24	2	0.07
A-55-TRP-NE1	B-72-VAL-CA	4.35	3	0.1
A-55-TRP-NE1	B-72-VAL-CG2	3.97	3	0.11
A-55-TRP-NE1	B-73-LEU-N	4.31	4	0.17
A-55-TRP-CZ2	B-98-ARG-CB	3.72	9	0.29
A-55-TRP-CZ2	B-98-ARG-CG	4.36	5	0.08
A-55-TRP-CZ2	B-98-ARG-CD	4.2	7	0.19
A-55-TRP-CZ2	B-98-ARG-NE	4.15	7	0.19
A-55-TRP-CZ3	B-98-ARG-CD	4.25	8	0.26
A-55-TRP-CZ3	B-98-ARG-NE	3.49	8	0.16
A-55-TRP-CZ3	B-98-ARG-CZ	4.17	8	0.13
A-55-TRP-CZ3	B-98-ARG-NH2	4.14	8	0.17
A-55-TRP-CH2	B-98-ARG-CB	3.7	10	0.26
A-55-TRP-CH2	B-98-ARG-CG	4.18	9	0.21
A-55-TRP-CH2	B-98-ARG-CD	3.79	9	0.21
A-55-TRP-CH2	B-98-ARG-NE	3.4	9	0.28
A-55-TRP-CH2	B-98-ARG-CZ	4.27	7	0.1
A-55-TRP-CZ2	B-116-GLN-CD	4.08	8	0.2
A-55-TRP-CZ2	B-116-GLN-OE1	3.82	8	0.44
A-55-TRP-CZ2	B-116-GLN-NE2	4.14	6	0.31
A-55-TRP-CH2	B-116-GLN-OE1	3.98	3	0.32
A-55-TRP-CH2	B-116-GLN-NE2	4.48	2	0.01
A-56-ASP-CG	B-97-LYS-NZ	3.84	3	0.08
A-56-ASP-OD1	B-97-LYS-NZ	3.59	2	0.86
A-56-ASP-OD2	B-97-LYS-CE	3.64	3	0.4
A-56-ASP-OD2	B-97-LYS-NZ	2.68	2	0.12
A-56-ASP-CB	B-116-GLN-NE2	3.6	6	0.29
A-56-ASP-CG	B-116-GLN-CD	4.32	3	0.06
A-56-ASP-CG	B-116-GLN-OE1	4.08	4	0.23
A-56-ASP-CG	B-116-GLN-NE2	3.7	5	0.38
A-56-ASP-OD1	B-116-GLN-NE2	3.51	2	0.85
A-56-ASP-OD2	B-116-GLN-CD	3.52	3	0.22
A-56-ASP-OD2	B-116-GLN-OE1	3.8	5	0.5
A-56-ASP-OD2	B-116-GLN-NE2	2.72	3	0.03
A-101-ARG-NH2	B-83-GLU-CG	3.91	3	0.16
A-101-ARG-NH2	B-83-GLU-CD	4.17	3	0.15
A-101-ARG-NH2	B-83-GLU-OE1	4.36	2	0.06
A-101-ARG-NH2	B-83-GLU-OE2	4.13	3	0.26
A-102-TYR-CD2	B-83-GLU-OE2	3.68	8	0.18
A-102-TYR-CE2	B-83-GLU-CG	3.54	4	0.14
A-102-TYR-CE2	B-83-GLU-CD	3.98	7	0.18
A-102-TYR-CE2	B-83-GLU-OE2	3.71	8	0.37
A-102-TYR-CZ	B-83-GLU-CG	4.2	4	0.09
A-102-TYR-CZ	B-83-GLU-OE2	3.91	4	0.57
A-102-TYR-OH	B-83-GLU-CG	3.96	6	0.27
A-102-TYR-CE1	B-84-SER-O	3.37	4	0.11
A-102-TYR-CE2	B-84-SER-C	4.32	2	0.13
A-102-TYR-CE2	B-84-SER-O	3.93	4	0.39
A-102-TYR-CZ	B-84-SER-C	4.03	4	0.09
A-102-TYR-CZ	B-84-SER-O	3.14	4	0.09
A-102-TYR-OH	B-84-SER-N	3.89	4	0.17
A-102-TYR-OH	B-84-SER-CA	4.22	4	0.13
A-102-TYR-OH	B-84-SER-CB	4.2	2	0.16
A-102-TYR-OH	B-84-SER-C	3.71	4	0.26
A-102-TYR-OH	B-84-SER-O	3.17	5	0.66
A-102-TYR-OH	B-85-VAL-N	4.38	2	0.11
A-102-TYR-CA	B-90-TYR-OH	3.9	4	0.36
A-102-TYR-CB	B-90-TYR-CE1	4.23	2	0.02
A-102-TYR-CB	B-90-TYR-CZ	4.13	3	0.07
A-102-TYR-CB	B-90-TYR-OH	3.52	5	0.54
A-102-TYR-CG	B-90-TYR-CZ	4.5	1	0.0
A-102-TYR-CG	B-90-TYR-OH	3.96	5	0.27
A-102-TYR-CD2	B-90-TYR-CZ	4.41	2	0.08
A-102-TYR-CD2	B-90-TYR-OH	3.76	4	0.42
A-102-TYR-C	B-90-TYR-OH	3.89	3	0.18
A-102-TYR-CA	B-96-GLU-OE2	3.84	4	0.12
A-102-TYR-C	B-96-GLU-OE2	3.87	4	0.09
A-102-TYR-CA	B-98-ARG-NH1	4.11	7	0.19
A-102-TYR-CA	B-98-ARG-NH2	4.11	4	0.32
A-102-TYR-CD2	B-98-ARG-NH1	3.66	5	0.17
A-102-TYR-CE2	B-98-ARG-NH1	3.82	5	0.49
A-102-TYR-C	B-98-ARG-NH2	4.43	2	0.02
A-103-ASP-O	B-89-ASN-O	4.32	1	0.0
A-103-ASP-N	B-90-TYR-CZ	4.21	3	0.18
A-103-ASP-N	B-90-TYR-OH	3.48	6	0.44
A-103-ASP-CA	B-90-TYR-OH	4.16	5	0.25
A-103-ASP-CB	B-90-TYR-OH	4.02	7	0.36
A-103-ASP-C	B-90-TYR-CE1	4.37	3	0.06
A-103-ASP-C	B-90-TYR-CZ	4.34	2	0.1
A-103-ASP-C	B-90-TYR-OH	4.08	5	0.19
A-103-ASP-O	B-90-TYR-CD1	4.18	4	0.1
A-103-ASP-O	B-90-TYR-CE1	3.44	6	0.25
A-103-ASP-O	B-90-TYR-CE2	4.26	5	0.17
A-103-ASP-O	B-90-TYR-CZ	3.48	6	0.2
A-103-ASP-O	B-90-TYR-OH	3.28	6	0.22
A-103-ASP-N	B-92-LYS-NZ	4.28	5	0.08
A-103-ASP-CA	B-92-LYS-NZ	3.78	5	0.09
A-103-ASP-CB	B-92-LYS-NZ	3.28	6	0.13
A-103-ASP-CG	B-92-LYS-NZ	3.44	7	0.26
A-103-ASP-OD1	B-92-LYS-NZ	4.31	3	0.14
A-103-ASP-OD2	B-92-LYS-CD	3.67	6	0.23
A-103-ASP-OD2	B-92-LYS-CE	3.56	6	0.13
A-103-ASP-OD2	B-92-LYS-NZ	2.78	7	0.33
A-103-ASP-C	B-92-LYS-CD	4.31	5	0.13
A-103-ASP-C	B-92-LYS-CE	4.33	5	0.11
A-103-ASP-C	B-92-LYS-NZ	3.28	5	0.1
A-103-ASP-O	B-92-LYS-CD	3.71	5	0.16
A-103-ASP-O	B-92-LYS-CE	3.72	6	0.29
A-103-ASP-O	B-92-LYS-NZ	2.99	6	0.66
A-103-ASP-CG	B-94-LYS-CE	4.18	4	0.07
A-103-ASP-CG	B-94-LYS-NZ	3.29	4	0.32
A-103-ASP-OD1	B-94-LYS-CE	3.98	5	0.39
A-103-ASP-OD1	B-94-LYS-NZ	3.0	4	0.6
A-103-ASP-OD2	B-94-LYS-CE	3.69	4	0.16
A-103-ASP-OD2	B-94-LYS-NZ	3.01	4	0.33
A-103-ASP-OD2	B-94-LYS-O	3.44	5	0.26
A-103-ASP-N	B-96-GLU-CD	3.87	5	0.21
A-103-ASP-N	B-96-GLU-OE2	3.38	5	0.37
A-103-ASP-CA	B-96-GLU-CD	4.21	4	0.16
A-103-ASP-CA	B-96-GLU-OE2	3.98	4	0.11
A-103-ASP-CB	B-96-GLU-CG	3.61	5	0.15
A-103-ASP-CB	B-96-GLU-CD	3.66	6	0.32
A-103-ASP-CB	B-96-GLU-OE1	3.74	6	0.26
A-103-ASP-CB	B-96-GLU-OE2	3.65	4	0.11
A-103-ASP-CG	B-96-GLU-CG	4.36	3	0.08
A-103-ASP-CG	B-96-GLU-CD	4.39	3	0.06
A-103-ASP-OD2	B-96-GLU-CG	4.11	1	0.0
A-103-ASP-OD2	B-96-GLU-CD	4.34	3	0.13
A-103-ASP-OD2	B-96-GLU-OE1	4.1	4	0.05
A-103-ASP-O	B-96-GLU-CD	4.3	2	0.12
A-103-ASP-O	B-96-GLU-OE1	4.2	3	0.09
A-103-ASP-O	B-96-GLU-OE2	4.17	3	0.24
A-104-PRO-CG	B-89-ASN-CB	4.27	3	0.15
A-104-PRO-CG	B-89-ASN-CG	3.92	4	0.27
A-104-PRO-CG	B-89-ASN-OD1	3.45	5	0.24
A-104-PRO-CD	B-89-ASN-CB	3.8	4	0.28
A-104-PRO-CD	B-89-ASN-CG	3.8	4	0.31
A-104-PRO-CD	B-89-ASN-OD1	3.76	6	0.37
A-104-PRO-CD	B-89-ASN-O	4.28	2	0.16
A-104-PRO-N	B-92-LYS-NZ	4.13	5	0.19
A-104-PRO-CD	B-92-LYS-CD	4.14	5	0.26
A-106-TRP-NE1	B-89-ASN-CG	3.92	3	0.39
A-106-TRP-NE1	B-89-ASN-ND2	3.62	3	0.23
A-106-TRP-CE2	B-89-ASN-CG	4.23	2	0.05
A-106-TRP-CE2	B-89-ASN-OD1	3.99	2	0.35
A-106-TRP-CE2	B-89-ASN-ND2	4.15	3	0.23
A-106-TRP-CZ2	B-89-ASN-CG	4.08	3	0.33
A-106-TRP-CZ2	B-89-ASN-OD1	3.96	4	0.48
A-106-TRP-CZ2	B-89-ASN-ND2	3.61	3	0.45
A-106-TRP-CH2	B-89-ASN-OD1	4.33	2	0.12
A-106-TRP-CH2	B-89-ASN-ND2	3.83	3	0.38
A-30-SER-C	B-73-LEU-CD1	4.31	6	0.1
A-30-SER-O	B-73-LEU-CD1	3.55	6	0.13
A-31-THR-N	B-73-LEU-CD1	4.39	4	0.11
A-31-THR-CA	B-73-LEU-CB	4.27	4	0.08
A-31-THR-CA	B-73-LEU-CD1	3.66	4	0.13
A-31-THR-CB	B-73-LEU-CB	4.48	2	0.02
A-31-THR-CG2	B-73-LEU-CA	4.36	1	0.0
A-31-THR-CG2	B-73-LEU-CB	3.53	4	0.14
A-31-THR-CG2	B-73-LEU-CG	4.39	3	0.04
A-31-THR-CG2	B-73-LEU-CD1	4.06	3	0.1
A-31-THR-CG2	B-73-LEU-C	4.27	3	0.14
A-31-THR-CG2	B-73-LEU-O	3.54	4	0.29
A-31-THR-C	B-73-LEU-CB	4.34	3	0.13
A-31-THR-C	B-73-LEU-CD1	4.17	4	0.09
A-32-SER-CB	B-71-CYS-O	3.59	7	0.16
A-32-SER-CB	B-72-VAL-C	4.23	4	0.1
A-32-SER-C	B-72-VAL-CA	4.35	1	0.0
A-32-SER-C	B-72-VAL-CB	4.12	1	0.0
A-32-SER-C	B-72-VAL-CG1	4.15	2	0.08
A-32-SER-O	B-72-VAL-CA	4.17	4	0.27
A-32-SER-O	B-72-VAL-CB	3.94	3	0.5
A-32-SER-O	B-72-VAL-CG1	3.35	2	0.12
A-32-SER-O	B-72-VAL-C	4.27	2	0.17
A-32-SER-N	B-73-LEU-N	4.39	4	0.09
A-32-SER-N	B-73-LEU-CB	3.73	4	0.25
A-32-SER-N	B-73-LEU-CG	3.98	4	0.12
A-32-SER-N	B-73-LEU-CD1	3.6	4	0.08
A-32-SER-CA	B-73-LEU-N	4.28	2	0.04
A-32-SER-CB	B-73-LEU-N	3.7	4	0.08
A-32-SER-CB	B-73-LEU-CB	4.2	4	0.33
A-32-SER-CB	B-73-LEU-CG	4.23	3	0.14
A-32-SER-CB	B-73-LEU-CD1	4.4	1	0.0
A-32-SER-OG	B-73-LEU-N	4.03	5	0.28
A-32-SER-OG	B-73-LEU-CB	4.08	2	0.18
A-32-SER-OG	B-73-LEU-CG	3.45	2	0.08
A-32-SER-OG	B-73-LEU-CD1	3.66	2	0.01
A-32-SER-C	B-73-LEU-N	4.29	2	0.08
A-32-SER-O	B-73-LEU-N	3.81	4	0.29
A-32-SER-O	B-73-LEU-CA	4.47	2	0.01
A-32-SER-CB	B-116-GLN-CG	4.21	3	0.09
A-32-SER-CB	B-116-GLN-CD	4.42	1	0.0
A-32-SER-CB	B-116-GLN-NE2	4.17	3	0.11
A-32-SER-OG	B-116-GLN-CG	3.77	4	0.23
A-32-SER-OG	B-116-GLN-CD	4.05	4	0.17
A-32-SER-OG	B-116-GLN-NE2	3.61	3	0.26
A-32-SER-CB	B-117-PHE-CZ	4.0	4	0.14
A-32-SER-OG	B-117-PHE-CE1	3.8	2	0.12
A-32-SER-OG	B-117-PHE-CE2	4.12	3	0.2
A-32-SER-OG	B-117-PHE-CZ	3.54	3	0.53
A-33-GLY-N	B-72-VAL-CG1	4.41	1	0.0
A-33-GLY-CA	B-72-VAL-CG1	4.17	1	0.0
A-54-TRP-CD1	B-96-GLU-CG	3.78	3	0.1
A-54-TRP-CD1	B-96-GLU-OE1	4.28	2	0.12
A-54-TRP-NE1	B-96-GLU-CG	3.77	4	0.39
A-54-TRP-NE1	B-96-GLU-CD	4.06	3	0.17
A-54-TRP-NE1	B-96-GLU-OE1	3.74	3	0.28
A-54-TRP-CE2	B-96-GLU-CG	4.24	3	0.12
A-54-TRP-CD2	B-98-ARG-NH2	4.01	6	0.29
A-54-TRP-NE1	B-98-ARG-NH2	3.85	4	0.25
A-54-TRP-CE2	B-98-ARG-NH2	3.58	5	0.36
A-54-TRP-CZ2	B-98-ARG-CZ	4.33	4	0.09
A-54-TRP-CH2	B-98-ARG-CZ	4.4	3	0.05
A-55-TRP-CZ2	B-98-ARG-N	3.98	6	0.28
A-55-TRP-CH2	B-98-ARG-N	4.04	6	0.2
A-55-TRP-CH2	B-98-ARG-CA	4.37	4	0.12
A-55-TRP-CH2	B-98-ARG-NH2	4.43	4	0.05
A-55-TRP-CD1	B-116-GLN-NE2	3.84	5	0.23
A-55-TRP-NE1	B-116-GLN-CD	3.51	6	0.21
A-55-TRP-NE1	B-116-GLN-OE1	3.47	5	0.4
A-55-TRP-NE1	B-116-GLN-NE2	3.16	6	0.31
A-55-TRP-CE2	B-116-GLN-CD	4.09	6	0.19
A-55-TRP-CE2	B-116-GLN-OE1	3.91	6	0.47
A-55-TRP-CE2	B-116-GLN-NE2	3.9	5	0.25
A-55-TRP-CZ2	B-116-GLN-CG	4.2	2	0.29
A-56-ASP-OD2	B-97-LYS-N	3.67	4	0.44
A-56-ASP-OD2	B-97-LYS-CB	3.66	6	0.34
A-58-ASP-CB	B-94-LYS-NZ	4.34	5	0.15
A-58-ASP-CG	B-94-LYS-CD	4.48	1	0.0
A-58-ASP-CG	B-94-LYS-CE	4.08	5	0.14
A-58-ASP-CG	B-94-LYS-NZ	3.11	6	0.29
A-58-ASP-OD1	B-94-LYS-CG	4.23	2	0.11
A-58-ASP-OD1	B-94-LYS-CD	4.13	3	0.38
A-58-ASP-OD1	B-94-LYS-CE	3.7	6	0.27
A-58-ASP-OD1	B-94-LYS-NZ	2.65	6	0.04
A-58-ASP-OD2	B-94-LYS-CE	3.6	5	0.09
A-58-ASP-OD2	B-94-LYS-NZ	2.73	5	0.13
A-101-ARG-NH2	B-72-VAL-CB	4.18	1	0.0
A-101-ARG-CZ	B-73-LEU-O	4.05	3	0.13
A-101-ARG-NH1	B-73-LEU-O	4.1	2	0.02
A-101-ARG-NH2	B-73-LEU-N	4.16	4	0.15
A-101-ARG-NH2	B-73-LEU-CA	4.41	3	0.08
A-101-ARG-NH2	B-73-LEU-CB	4.45	2	0.03
A-101-ARG-NH2	B-73-LEU-C	3.99	4	0.3
A-101-ARG-NH2	B-73-LEU-O	3.09	4	0.24
A-102-TYR-CD2	B-72-VAL-CG1	3.89	1	0.0
A-102-TYR-CE2	B-72-VAL-CB	4.18	4	0.26
A-102-TYR-CE2	B-72-VAL-CG1	3.59	2	0.1
A-102-TYR-CE2	B-72-VAL-CG2	3.57	4	0.09
A-102-TYR-CZ	B-72-VAL-CG2	4.01	4	0.16
A-102-TYR-OH	B-72-VAL-CB	4.2	4	0.25
A-102-TYR-OH	B-72-VAL-CG2	3.56	4	0.24
A-102-TYR-CE1	B-74-LYS-NZ	4.24	1	0.0
A-102-TYR-CZ	B-74-LYS-NZ	3.98	2	0.21
A-102-TYR-OH	B-74-LYS-CG	4.19	1	0.0
A-102-TYR-OH	B-74-LYS-CE	3.88	2	0.01
A-102-TYR-OH	B-74-LYS-NZ	2.88	2	0.05
A-102-TYR-CG	B-81-GLN-NE2	4.09	2	0.36
A-102-TYR-CD1	B-81-GLN-CD	4.45	1	0.0
A-102-TYR-CD1	B-81-GLN-NE2	3.55	1	0.0
A-102-TYR-CD2	B-81-GLN-NE2	3.96	4	0.11
A-102-TYR-CE1	B-81-GLN-CD	4.01	1	0.0
A-102-TYR-CE1	B-81-GLN-OE1	3.86	1	0.0
A-102-TYR-CE1	B-81-GLN-NE2	3.97	3	0.36
A-102-TYR-CE2	B-81-GLN-CD	4.33	4	0.06
A-102-TYR-CE2	B-81-GLN-NE2	3.48	4	0.16
A-102-TYR-CZ	B-81-GLN-CD	4.19	4	0.16
A-102-TYR-CZ	B-81-GLN-OE1	4.15	4	0.15
A-102-TYR-CZ	B-81-GLN-NE2	3.58	4	0.04
A-102-TYR-OH	B-81-GLN-CD	4.05	4	0.17
A-102-TYR-OH	B-81-GLN-OE1	3.75	4	0.13
A-102-TYR-OH	B-81-GLN-NE2	3.86	4	0.24
A-102-TYR-CA	B-83-GLU-CG	4.5	1	0.0
A-102-TYR-CA	B-83-GLU-CD	4.24	3	0.21
A-102-TYR-CA	B-83-GLU-OE2	3.78	4	0.27
A-102-TYR-CB	B-83-GLU-CG	4.08	3	0.2
A-102-TYR-CB	B-83-GLU-CD	3.84	3	0.26
A-102-TYR-CB	B-83-GLU-OE1	3.8	1	0.0
A-102-TYR-CB	B-83-GLU-OE2	3.9	4	0.36
A-102-TYR-CG	B-83-GLU-CG	4.38	3	0.04
A-102-TYR-CG	B-83-GLU-CD	4.01	4	0.22
A-102-TYR-CG	B-83-GLU-OE1	4.11	4	0.34
A-102-TYR-CG	B-83-GLU-OE2	4.1	4	0.16
A-102-TYR-CD1	B-83-GLU-OE1	4.32	1	0.0
A-102-TYR-CD2	B-83-GLU-CD	3.51	4	0.15
A-102-TYR-CD2	B-83-GLU-OE1	3.37	4	0.1
A-102-TYR-CE2	B-83-GLU-OE1	3.65	4	0.3
A-102-TYR-C	B-83-GLU-CD	4.48	1	0.0
A-102-TYR-C	B-83-GLU-OE2	4.15	3	0.15
A-102-TYR-C	B-98-ARG-NH1	3.79	4	0.14
A-102-TYR-O	B-98-ARG-NH1	4.37	2	0.04
A-103-ASP-N	B-83-GLU-CG	3.74	1	0.0
A-103-ASP-N	B-83-GLU-CD	3.9	1	0.0
A-103-ASP-N	B-83-GLU-OE2	3.88	4	0.32
A-103-ASP-CB	B-83-GLU-OE2	4.46	1	0.0
A-103-ASP-O	B-83-GLU-CG	4.06	2	0.38
A-103-ASP-C	B-84-SER-C	4.35	2	0.02
A-103-ASP-C	B-84-SER-O	3.85	4	0.16
A-103-ASP-O	B-84-SER-N	4.26	2	0.16
A-103-ASP-O	B-84-SER-CA	4.4	2	0.07
A-103-ASP-O	B-84-SER-C	3.57	4	0.23
A-103-ASP-O	B-84-SER-O	2.88	4	0.16
A-103-ASP-CA	B-85-VAL-CG1	4.48	2	0.01
A-103-ASP-CB	B-85-VAL-CG1	3.9	3	0.32
A-103-ASP-C	B-85-VAL-N	4.45	2	0.04
A-103-ASP-C	B-85-VAL-CA	4.0	3	0.14
A-103-ASP-C	B-85-VAL-CB	4.41	1	0.0
A-103-ASP-C	B-85-VAL-CG1	4.16	2	0.15
A-103-ASP-O	B-85-VAL-N	3.71	3	0.2
A-103-ASP-O	B-85-VAL-CA	3.65	4	0.37
A-103-ASP-O	B-85-VAL-CB	4.22	3	0.14
A-103-ASP-O	B-85-VAL-CG1	3.93	3	0.31
A-103-ASP-CB	B-90-TYR-CZ	4.34	2	0.01
A-103-ASP-CG	B-90-TYR-CE1	4.24	3	0.32
A-103-ASP-CG	B-90-TYR-CZ	4.27	3	0.11
A-103-ASP-CG	B-90-TYR-OH	3.56	4	0.29
A-103-ASP-OD1	B-90-TYR-OH	3.77	4	0.19
A-103-ASP-OD2	B-90-TYR-CE1	3.87	3	0.44
A-103-ASP-OD2	B-90-TYR-CZ	3.98	2	0.02
A-103-ASP-OD2	B-90-TYR-OH	3.8	4	0.37
A-103-ASP-OD1	B-96-GLU-CG	4.2	2	0.05
A-103-ASP-OD1	B-96-GLU-CD	4.01	2	0.04
A-103-ASP-OD1	B-96-GLU-OE1	4.26	2	0.08
A-103-ASP-OD1	B-96-GLU-OE2	4.23	2	0.22
A-103-ASP-N	B-98-ARG-CZ	4.43	2	0.05
A-103-ASP-N	B-98-ARG-NH1	3.44	4	0.17
A-103-ASP-CA	B-98-ARG-NH1	4.04	4	0.15
A-103-ASP-CB	B-98-ARG-CZ	4.29	4	0.03
A-103-ASP-CB	B-98-ARG-NH1	3.43	4	0.1
A-103-ASP-CB	B-98-ARG-NH2	4.21	4	0.09
A-103-ASP-CG	B-98-ARG-CZ	4.22	3	0.03
A-103-ASP-CG	B-98-ARG-NH1	3.76	3	0.11
A-103-ASP-CG	B-98-ARG-NH2	3.71	3	0.05
A-103-ASP-OD1	B-98-ARG-CZ	3.3	3	0.04
A-103-ASP-OD1	B-98-ARG-NH1	3.19	3	0.11
A-103-ASP-OD1	B-98-ARG-NH2	2.57	3	0.05
A-103-ASP-CB	B-99-PHE-CE2	4.37	1	0.0
A-103-ASP-CB	B-99-PHE-CZ	4.22	1	0.0
A-104-PRO-N	B-84-SER-O	4.16	4	0.3
A-104-PRO-CG	B-84-SER-O	4.34	1	0.0
A-104-PRO-CD	B-84-SER-C	4.15	2	0.15
A-104-PRO-CD	B-84-SER-O	3.62	4	0.52
A-104-PRO-N	B-85-VAL-CA	4.1	2	0.13
A-104-PRO-CD	B-85-VAL-N	4.25	1	0.0
A-104-PRO-CD	B-85-VAL-CA	4.03	3	0.35
A-104-PRO-CD	B-85-VAL-C	4.05	3	0.16
A-104-PRO-CG	B-86-ASP-N	4.32	1	0.0
A-104-PRO-CG	B-86-ASP-CB	4.3	2	0.14
A-104-PRO-CD	B-86-ASP-N	3.91	3	0.13
A-106-TRP-NE1	B-84-SER-O	4.19	1	0.0
A-106-TRP-CE2	B-84-SER-O	4.43	1	0.0
A-106-TRP-CZ2	B-84-SER-O	3.93	1	0.0
A-32-SER-OG	B-71-CYS-C	3.95	5	0.14
A-32-SER-O	B-72-VAL-CG2	3.43	2	0.22
A-32-SER-N	B-73-LEU-CA	4.45	1	0.0
A-32-SER-CA	B-73-LEU-CB	4.03	1	0.0
A-32-SER-CB	B-73-LEU-CA	4.24	1	0.0
A-32-SER-O	B-73-LEU-CB	4.3	1	0.0
A-32-SER-CB	B-117-PHE-CE2	4.37	2	0.02
A-54-TRP-CG	B-96-GLU-CG	4.29	1	0.0
A-54-TRP-CD1	B-96-GLU-CD	4.43	1	0.0
A-54-TRP-CE2	B-96-GLU-OE1	4.27	1	0.0
A-55-TRP-CZ3	B-96-GLU-CB	4.4	3	0.02
A-55-TRP-CH2	B-96-GLU-CB	4.01	4	0.15
A-55-TRP-CZ2	B-97-LYS-C	4.4	2	0.03
A-55-TRP-CZ2	B-98-ARG-CA	4.16	5	0.14
A-55-TRP-NE1	B-116-GLN-CG	4.34	3	0.03
A-56-ASP-OD2	B-96-GLU-CB	4.42	2	0.03
A-56-ASP-OD2	B-96-GLU-C	4.31	2	0.01
A-56-ASP-CB	B-97-LYS-CB	4.45	3	0.04
A-56-ASP-CB	B-97-LYS-CE	4.05	2	0.22
A-56-ASP-CG	B-97-LYS-N	4.4	1	0.0
A-56-ASP-CG	B-97-LYS-CB	4.15	4	0.23
A-56-ASP-OD2	B-97-LYS-CA	3.87	3	0.08
A-56-ASP-OD2	B-97-LYS-C	4.38	2	0.06
A-56-ASP-OD2	B-98-ARG-N	4.49	1	0.0
A-58-ASP-CA	B-94-LYS-NZ	4.28	1	0.0
A-58-ASP-OD1	B-96-GLU-CA	4.38	2	0.04
A-58-ASP-OD1	B-96-GLU-CG	4.42	2	0.01
A-101-ARG-CZ	B-72-VAL-CG2	4.22	2	0.09
A-101-ARG-NH2	B-72-VAL-CG2	3.41	2	0.03
A-101-ARG-NH2	B-74-LYS-N	4.05	1	0.0
A-101-ARG-NH2	B-74-LYS-CA	4.04	1	0.0
A-101-ARG-NH2	B-74-LYS-CB	4.15	1	0.0
A-102-TYR-CD2	B-83-GLU-CG	4.29	5	0.11
A-103-ASP-CB	B-85-VAL-CA	4.48	1	0.0
A-103-ASP-CB	B-85-VAL-CB	4.3	1	0.0
A-103-ASP-CG	B-85-VAL-CA	4.41	1	0.0
A-103-ASP-CG	B-85-VAL-CB	4.2	1	0.0
A-103-ASP-CG	B-85-VAL-CG1	4.01	1	0.0
A-103-ASP-OD2	B-85-VAL-CA	3.48	1	0.0
A-103-ASP-OD2	B-85-VAL-CB	3.34	1	0.0
A-103-ASP-OD2	B-85-VAL-CG1	3.59	1	0.0
A-103-ASP-OD2	B-85-VAL-C	3.82	1	0.0
A-103-ASP-O	B-85-VAL-C	4.36	2	0.03
A-103-ASP-CG	B-86-ASP-N	4.4	1	0.0
A-103-ASP-OD2	B-86-ASP-N	3.17	1	0.0
A-103-ASP-OD2	B-86-ASP-CA	4.23	1	0.0
A-103-ASP-OD2	B-86-ASP-CB	4.11	1	0.0
A-103-ASP-OD1	B-90-TYR-CE1	4.1	1	0.0
A-103-ASP-OD2	B-90-TYR-CD1	4.05	1	0.0
A-104-PRO-N	B-86-ASP-N	4.36	2	0.06
A-30-SER-CB	B-73-LEU-O	4.11	1	0.0
A-30-SER-C	B-73-LEU-CB	4.37	1	0.0
A-30-SER-C	B-73-LEU-O	4.17	1	0.0
A-30-SER-O	B-73-LEU-N	3.65	1	0.0
A-30-SER-O	B-73-LEU-CA	3.83	1	0.0
A-30-SER-O	B-73-LEU-CB	3.86	2	0.55
A-30-SER-O	B-73-LEU-CG	4.33	3	0.14
A-30-SER-O	B-73-LEU-C	4.02	1	0.0
A-31-THR-CA	B-72-VAL-CG2	3.94	1	0.0
A-31-THR-CG2	B-72-VAL-CG2	4.18	2	0.28
A-32-SER-CB	B-71-CYS-C	4.31	3	0.17
A-32-SER-N	B-72-VAL-CA	4.36	1	0.0
A-32-SER-CB	B-72-VAL-N	4.09	1	0.0
A-32-SER-O	B-81-GLN-NE2	4.25	1	0.0
A-32-SER-CB	B-98-ARG-CD	4.21	4	0.26
A-33-GLY-N	B-83-GLU-CD	4.34	2	0.07
A-33-GLY-CA	B-83-GLU-CD	4.22	1	0.0
A-33-GLY-N	B-98-ARG-NH2	4.31	4	0.12
A-33-GLY-C	B-98-ARG-NH1	4.29	1	0.0
A-54-TRP-CB	B-98-ARG-NH2	4.12	1	0.0
A-54-TRP-CG	B-98-ARG-NH2	4.17	2	0.31
A-55-TRP-CE2	B-71-CYS-O	4.16	1	0.0
A-55-TRP-CZ2	B-71-CYS-C	4.33	1	0.0
A-55-TRP-CZ3	B-71-CYS-O	4.4	1	0.0
A-55-TRP-CH2	B-71-CYS-C	4.47	1	0.0
A-55-TRP-CH2	B-71-CYS-O	3.28	1	0.0
A-55-TRP-CD1	B-73-LEU-CB	4.38	1	0.0
A-55-TRP-CD1	B-73-LEU-CG	4.23	1	0.0
A-55-TRP-CD1	B-73-LEU-CD1	3.79	1	0.0
A-55-TRP-NE1	B-73-LEU-CB	3.92	1	0.0
A-55-TRP-NE1	B-73-LEU-CG	3.5	1	0.0
A-55-TRP-NE1	B-73-LEU-CD1	3.4	1	0.0
A-55-TRP-CE3	B-98-ARG-NE	4.21	2	0.29
A-55-TRP-CE3	B-98-ARG-CZ	4.42	1	0.0
A-55-TRP-CE3	B-98-ARG-NH2	4.37	1	0.0
A-55-TRP-CZ3	B-98-ARG-CB	3.77	1	0.0
A-55-TRP-CZ3	B-98-ARG-CG	4.29	1	0.0
A-55-TRP-CZ3	B-116-GLN-CD	4.46	1	0.0
A-55-TRP-CZ3	B-116-GLN-OE1	3.9	1	0.0
A-55-TRP-CH2	B-116-GLN-CG	3.72	1	0.0
A-55-TRP-CH2	B-116-GLN-CD	3.81	1	0.0
A-55-TRP-NE1	B-117-PHE-CZ	3.77	1	0.0
A-55-TRP-CE2	B-117-PHE-CE2	4.43	1	0.0
A-55-TRP-CE2	B-117-PHE-CZ	3.93	1	0.0
A-55-TRP-CZ2	B-117-PHE-CE2	3.55	1	0.0
A-55-TRP-CZ2	B-117-PHE-CZ	3.42	1	0.0
A-55-TRP-CH2	B-117-PHE-CE2	4.41	1	0.0
A-56-ASP-OD1	B-98-ARG-NE	3.94	1	0.0
A-56-ASP-OD1	B-98-ARG-CZ	4.17	1	0.0
A-56-ASP-OD1	B-98-ARG-NH2	3.46	1	0.0
A-56-ASP-CA	B-116-GLN-NE2	4.13	2	0.28
A-56-ASP-CB	B-116-GLN-CD	3.64	2	0.01
A-56-ASP-CB	B-116-GLN-OE1	3.88	4	0.52
A-56-ASP-OD1	B-116-GLN-OE1	4.05	3	0.32
A-101-ARG-NH2	B-81-GLN-NE2	4.26	1	0.0
A-102-TYR-CG	B-84-SER-O	4.07	1	0.0
A-102-TYR-CD1	B-84-SER-O	4.08	2	0.28
A-102-TYR-CD2	B-84-SER-O	3.85	1	0.0
A-102-TYR-CE1	B-84-SER-C	4.36	3	0.16
A-102-TYR-CE2	B-84-SER-N	4.47	1	0.0
A-102-TYR-CZ	B-84-SER-N	4.37	1	0.0
A-102-TYR-OH	B-84-SER-OG	3.82	1	0.0
A-103-ASP-O	B-89-ASN-CB	4.35	1	0.0
A-103-ASP-CB	B-92-LYS-CE	4.29	1	0.0
A-103-ASP-CG	B-92-LYS-CE	4.42	3	0.05
A-103-ASP-CG	B-96-GLU-OE1	4.33	4	0.26
A-104-PRO-CG	B-89-ASN-ND2	3.76	1	0.0
A-104-PRO-CD	B-89-ASN-ND2	3.64	1	0.0
A-106-TRP-NE1	B-86-ASP-OD1	4.13	1	0.0
A-106-TRP-CE2	B-86-ASP-OD1	4.0	1	0.0
A-106-TRP-CZ2	B-86-ASP-CG	4.39	1	0.0
A-106-TRP-CZ2	B-86-ASP-OD1	3.22	1	0.0
A-106-TRP-CH2	B-86-ASP-OD1	4.0	2	0.13
A-31-THR-CB	B-73-LEU-CD1	4.39	2	0.01
A-32-SER-OG	B-72-VAL-C	4.11	3	0.21
A-32-SER-C	B-72-VAL-CG2	4.26	1	0.0
A-32-SER-OG	B-73-LEU-CA	4.39	1	0.0
A-54-TRP-CD1	B-98-ARG-NH2	4.24	1	0.0
A-54-TRP-CE2	B-98-ARG-CZ	4.42	1	0.0
A-56-ASP-CG	B-97-LYS-CE	4.1	2	0.24
A-56-ASP-OD2	B-97-LYS-CG	4.3	4	0.15
A-102-TYR-OH	B-72-VAL-CG1	3.76	2	0.57
A-103-ASP-O	B-86-ASP-N	4.49	1	0.0
A-103-ASP-CB	B-90-TYR-CE1	4.32	1	0.0
A-104-PRO-CB	B-86-ASP-CB	4.14	1	0.0
A-104-PRO-CD	B-86-ASP-CA	4.29	1	0.0
A-104-PRO-CD	B-86-ASP-CB	4.16	1	0.0
A-32-SER-CB	B-83-GLU-OE2	4.24	2	0.16
A-32-SER-O	B-83-GLU-CG	4.4	2	0.04
A-33-GLY-C	B-98-ARG-NH2	4.31	2	0.05
A-56-ASP-OD1	B-116-GLN-CD	3.69	1	0.0
A-102-TYR-CD2	B-85-VAL-CG1	4.16	2	0.2
A-102-TYR-CE1	B-85-VAL-CA	4.07	2	0.18
A-102-TYR-CE2	B-85-VAL-CG1	4.13	2	0.16
A-102-TYR-CZ	B-85-VAL-CA	4.29	2	0.13
A-102-TYR-CB	B-96-GLU-OE2	4.09	3	0.07
A-102-TYR-CD2	B-96-GLU-OE2	3.95	2	0.48
A-103-ASP-CB	B-94-LYS-NZ	4.34	2	0.0
A-103-ASP-CG	B-94-LYS-O	4.19	4	0.25
A-103-ASP-N	B-96-GLU-CG	4.23	3	0.24
A-106-TRP-NE1	B-89-ASN-OD1	3.93	3	0.58
A-32-SER-OG	B-72-VAL-N	4.11	3	0.24
A-32-SER-CB	B-98-ARG-CB	4.14	2	0.02
A-32-SER-C	B-98-ARG-CD	3.91	2	0.03
A-32-SER-O	B-98-ARG-CD	3.77	2	0.06
A-32-SER-O	B-98-ARG-NE	3.95	2	0.37
A-32-SER-O	B-98-ARG-CZ	4.04	2	0.24
A-32-SER-O	B-98-ARG-NH1	3.89	2	0.18
A-54-TRP-NE1	B-94-LYS-CE	4.21	1	0.0
A-54-TRP-NE1	B-94-LYS-NZ	4.42	1	0.0
A-55-TRP-CH2	B-97-LYS-N	4.0	2	0.23
A-56-ASP-CB	B-97-LYS-NZ	4.39	1	0.0
A-56-ASP-OD1	B-97-LYS-CE	3.97	2	0.41
A-56-ASP-OD2	B-97-LYS-CD	4.37	2	0.03
A-60-SER-OG	B-94-LYS-CE	4.47	1	0.0
A-60-SER-OG	B-94-LYS-NZ	4.28	1	0.0
A-101-ARG-NH2	B-98-ARG-NH1	4.24	2	0.01
A-102-TYR-CE1	B-83-GLU-OE2	4.31	2	0.06
A-102-TYR-CZ	B-83-GLU-CD	4.44	1	0.0
A-102-TYR-OH	B-83-GLU-CD	3.66	2	0.05
A-102-TYR-OH	B-83-GLU-OE2	2.74	2	0.11
A-102-TYR-CB	B-98-ARG-NH2	4.41	2	0.06
A-102-TYR-CG	B-98-ARG-NH2	3.91	2	0.11
A-102-TYR-CD1	B-98-ARG-NH2	4.45	1	0.0
A-102-TYR-CD2	B-98-ARG-NE	4.35	1	0.0
A-102-TYR-CD2	B-98-ARG-CZ	3.88	2	0.27
A-102-TYR-CD2	B-98-ARG-NH2	3.48	2	0.34
A-102-TYR-CE2	B-98-ARG-NE	4.48	1	0.0
A-102-TYR-CE2	B-98-ARG-CZ	3.82	2	0.31
A-102-TYR-CE2	B-98-ARG-NH2	3.76	2	0.48
A-102-TYR-CZ	B-98-ARG-CZ	4.43	1	0.0
A-102-TYR-CZ	B-98-ARG-NH1	3.77	2	0.36
A-102-TYR-CZ	B-98-ARG-NH2	4.02	1	0.0
A-102-TYR-OH	B-98-ARG-NH1	4.06	2	0.24
A-103-ASP-CG	B-92-LYS-CD	4.43	1	0.0
A-103-ASP-N	B-96-GLU-OE1	4.28	2	0.1
A-104-PRO-N	B-92-LYS-CD	4.19	2	0.02
A-104-PRO-CD	B-92-LYS-NZ	4.36	2	0.02
A-106-TRP-CZ3	B-86-ASP-OD1	4.31	1	0.0
A-106-TRP-CH2	B-86-ASP-CB	4.42	1	0.0
A-106-TRP-CE3	B-89-ASN-ND2	4.39	1	0.0
A-106-TRP-CZ3	B-89-ASN-CB	4.27	1	0.0
A-106-TRP-CZ3	B-89-ASN-CG	3.55	1	0.0
A-106-TRP-CZ3	B-89-ASN-OD1	3.9	1	0.0
A-106-TRP-CZ3	B-89-ASN-ND2	3.17	1	0.0
A-106-TRP-CH2	B-89-ASN-CB	4.03	1	0.0
A-106-TRP-CH2	B-89-ASN-CG	3.81	1	0.0
A-32-SER-N	B-81-GLN-NE2	4.37	1	0.0
A-32-SER-CA	B-81-GLN-NE2	4.38	1	0.0
A-56-ASP-CB	B-73-LEU-CD1	4.42	1	0.0
A-102-TYR-CE2	B-83-GLU-CB	4.4	1	0.0
A-102-TYR-OH	B-83-GLU-C	4.42	1	0.0
A-102-TYR-CG	B-85-VAL-CG1	4.22	1	0.0
A-102-TYR-CD1	B-85-VAL-CA	4.21	1	0.0
A-102-TYR-CD1	B-85-VAL-CG1	4.45	1	0.0
A-102-TYR-CE1	B-85-VAL-N	4.44	1	0.0
A-102-TYR-CE1	B-85-VAL-CG1	4.46	1	0.0
A-102-TYR-CZ	B-85-VAL-N	4.35	1	0.0
A-102-TYR-CZ	B-85-VAL-CG1	4.22	1	0.0
A-106-TRP-CD1	B-89-ASN-CG	4.43	1	0.0
A-106-TRP-CD1	B-89-ASN-OD1	4.35	1	0.0
A-106-TRP-CD1	B-89-ASN-ND2	4.24	1	0.0
A-31-THR-CA	B-73-LEU-CG	4.46	1	0.0
A-32-SER-OG	B-116-GLN-OE1	4.03	1	0.0
A-55-TRP-CD1	B-116-GLN-OE1	4.15	2	0.08
A-56-ASP-OD2	B-96-GLU-CA	4.43	1	0.0
A-101-ARG-CZ	B-72-VAL-CG1	4.2	1	0.0
A-101-ARG-NH2	B-72-VAL-CG1	3.37	1	0.0
A-102-TYR-CZ	B-72-VAL-CB	4.49	1	0.0
A-102-TYR-CZ	B-72-VAL-CG1	3.79	1	0.0
A-102-TYR-CZ	B-83-GLU-OE1	4.35	1	0.0
A-30-SER-CA	B-73-LEU-CD1	4.46	1	0.0
A-30-SER-CB	B-73-LEU-CD1	4.21	1	0.0
A-32-SER-CA	B-98-ARG-CD	4.48	1	0.0
A-32-SER-CB	B-98-ARG-NE	4.43	1	0.0
A-32-SER-C	B-98-ARG-NE	3.71	1	0.0
A-32-SER-C	B-98-ARG-CZ	4.2	1	0.0
A-32-SER-O	B-98-ARG-NH2	4.41	1	0.0
A-54-TRP-CZ3	B-96-GLU-CG	4.41	1	0.0
A-54-TRP-CH2	B-96-GLU-CG	4.37	1	0.0
A-55-TRP-CH2	B-96-GLU-CA	4.47	1	0.0
A-55-TRP-CH2	B-96-GLU-C	4.33	1	0.0
A-55-TRP-CZ2	B-97-LYS-N	4.46	1	0.0
A-55-TRP-CZ2	B-97-LYS-CB	4.28	1	0.0
A-55-TRP-CH2	B-97-LYS-CA	4.31	1	0.0
A-55-TRP-CH2	B-97-LYS-CB	4.12	1	0.0
A-55-TRP-CH2	B-97-LYS-C	4.46	1	0.0
A-55-TRP-CE2	B-98-ARG-CB	4.46	1	0.0
A-55-TRP-CG	B-116-GLN-NE2	4.38	1	0.0
A-55-TRP-CD1	B-116-GLN-CD	4.11	1	0.0
A-55-TRP-CD2	B-116-GLN-OE1	4.23	1	0.0
A-56-ASP-CB	B-97-LYS-CG	4.31	1	0.0
A-56-ASP-CG	B-97-LYS-CG	3.6	1	0.0
A-56-ASP-CG	B-97-LYS-CD	4.08	1	0.0
A-56-ASP-OD1	B-97-LYS-CB	3.75	1	0.0
A-56-ASP-OD1	B-97-LYS-CG	3.06	1	0.0
A-56-ASP-OD1	B-97-LYS-CD	3.32	1	0.0
A-56-ASP-OD1	B-115-ALA-O	4.17	1	0.0
A-56-ASP-N	B-116-GLN-NE2	4.28	1	0.0
A-56-ASP-CA	B-116-GLN-OE1	4.41	1	0.0
A-102-TYR-CE2	B-90-TYR-OH	3.73	1	0.0
A-102-TYR-CG	B-96-GLU-OE2	4.11	1	0.0
A-102-TYR-CE2	B-96-GLU-OE2	4.29	1	0.0
A-102-TYR-C	B-96-GLU-CG	4.39	1	0.0
A-102-TYR-C	B-96-GLU-CD	4.29	1	0.0
A-102-TYR-N	B-98-ARG-NH2	4.07	1	0.0
A-102-TYR-CG	B-98-ARG-NH1	4.13	1	0.0
A-102-TYR-CD1	B-98-ARG-NH1	4.35	1	0.0
A-102-TYR-CE1	B-98-ARG-NH1	4.03	1	0.0
A-103-ASP-CB	B-94-LYS-O	4.43	1	0.0
A-103-ASP-OD1	B-94-LYS-CG	4.26	1	0.0
A-103-ASP-OD1	B-94-LYS-CD	4.29	1	0.0
A-103-ASP-OD1	B-94-LYS-O	4.41	1	0.0
A-103-ASP-OD2	B-94-LYS-CB	4.33	1	0.0
A-103-ASP-OD2	B-94-LYS-CG	4.18	1	0.0
A-103-ASP-OD2	B-94-LYS-C	4.21	1	0.0
A-103-ASP-CA	B-96-GLU-CG	4.31	1	0.0
A-103-ASP-CA	B-96-GLU-OE1	4.32	1	0.0
A-103-ASP-C	B-96-GLU-OE2	4.36	1	0.0
A-105-PRO-CG	B-94-LYS-NZ	3.98	1	0.0
A-105-PRO-CD	B-94-LYS-NZ	3.45	1	0.0