################################################################################
# This file contains extracted interchain contacts information
# res1: Chain-Resname-ResID key identifying first residue
# res2: Chain-Resname-ResID key identifying second residue
# ca-ca-cont-probability: Fraction of times a contact is observed under the ca-ca-dist threshold over all analysed models of the same cluster
# ca-ca-dist: Observed distances between the two carbon alpha (Ca) atoms
# contact-type: ResidueType - ResidueType contact name
# shortest-cont-probability: Fraction of times a contact is observed under the shortest-dist threshold over all analysed models of the same cluster
# shortest-dist: Observed shortest distance between the two residues
################################################################################
res1	res2	ca-ca-cont-probability	ca-ca-dist	contact-type	shortest-cont-probability	shortest-dist
A-32-SER	B-83-GLU	1.0	7.1	polar-negative	0.67	4.3
A-32-SER	B-84-SER	1.0	6.4	polar-polar	1.0	2.9
A-32-SER	B-85-VAL	1.0	6.7	polar-apolar	0.22	4.9
A-32-SER	B-86-ASP	0.89	8.2	polar-negative	0.0	6.0
A-33-GLY	B-83-GLU	0.89	8.3	apolar-negative	0.22	5.0
A-33-GLY	B-84-SER	0.78	8.7	apolar-polar	0.0	6.0
A-33-GLY	B-85-VAL	1.0	7.9	apolar-apolar	0.0	7.5
A-57-GLY	B-74-LYS	0.89	7.9	apolar-positive	0.11	5.2
A-57-GLY	B-75-ASP	0.78	8.7	apolar-negative	0.0	6.7
A-58-ASP	B-72-VAL	0.78	7.8	negative-apolar	0.89	3.6
A-58-ASP	B-73-LEU	1.0	6.6	negative-apolar	1.0	3.2
A-58-ASP	B-74-LYS	1.0	6.2	negative-positive	0.67	3.7
A-58-ASP	B-75-ASP	0.78	7.4	negative-negative	0.56	4.7
A-58-ASP	B-76-ASP	0.67	8.4	negative-negative	0.22	6.0
A-59-GLU	B-73-LEU	1.0	8.2	negative-apolar	0.11	5.1
A-59-GLU	B-74-LYS	0.67	8.5	negative-positive	0.11	6.7
A-59-GLU	B-75-ASP	0.67	8.5	negative-negative	0.11	6.8
A-59-GLU	B-76-ASP	0.67	8.5	negative-negative	0.44	5.8
A-102-TYR	B-96-GLU	1.0	6.5	polar-negative	1.0	3.2
A-103-ASP	B-95-MET	0.78	8.3	negative-apolar	0.33	4.8
A-103-ASP	B-96-GLU	1.0	5.2	negative-negative	1.0	3.2
A-103-ASP	B-97-LYS	1.0	6.3	negative-positive	0.89	3.2
A-103-ASP	B-98-ARG	0.78	7.1	negative-positive	0.89	3.3
A-104-PRO	B-96-GLU	1.0	7.0	apolar-negative	0.0	5.3
A-104-PRO	B-97-LYS	0.78	7.1	apolar-positive	0.67	5.0
A-104-PRO	B-98-ARG	0.67	8.8	apolar-positive	0.0	6.3