################################################################################
# This file contains extracted interchain contacts information
# res1: Chain-Resname-ResID key identifying first residue
# res2: Chain-Resname-ResID key identifying second residue
# ca-ca-cont-probability: Fraction of times a contact is observed under the ca-ca-dist threshold over all analysed models of the same cluster
# ca-ca-dist: Observed distances between the two carbon alpha (Ca) atoms
# contact-type: ResidueType - ResidueType contact name
# shortest-cont-probability: Fraction of times a contact is observed under the shortest-dist threshold over all analysed models of the same cluster
# shortest-dist: Observed shortest distance between the two residues
################################################################################
res1	res2	ca-ca-cont-probability	ca-ca-dist	contact-type	shortest-cont-probability	shortest-dist
A-30-SER	B-73-LEU	1.0	7.8	polar-apolar	0.9	3.8
A-31-THR	B-72-VAL	1.0	7.1	polar-apolar	0.3	5.1
A-31-THR	B-73-LEU	1.0	6.5	polar-apolar	0.4	4.8
A-31-THR	B-74-LYS	0.9	8.1	polar-positive	0.1	6.2
A-32-SER	B-70-SER	0.6	8.4	polar-polar	0.4	5.7
A-32-SER	B-71-CYS	1.0	7.3	polar-polar	1.0	3.6
A-32-SER	B-72-VAL	1.0	5.1	polar-apolar	1.0	3.3
A-32-SER	B-73-LEU	1.0	6.4	polar-apolar	0.6	4.4
A-32-SER	B-74-LYS	0.7	8.8	polar-positive	0.0	6.6
A-32-SER	B-98-ARG	1.0	7.3	polar-positive	0.8	3.9
A-33-GLY	B-72-VAL	1.0	7.6	apolar-apolar	0.1	5.8
A-33-GLY	B-96-GLU	0.7	8.6	apolar-negative	0.0	6.7
A-33-GLY	B-98-ARG	1.0	7.6	apolar-positive	0.7	3.9
A-56-ASP	B-97-LYS	0.7	8.4	negative-positive	0.7	3.9
A-56-ASP	B-116-GLN	0.7	8.4	negative-polar	0.9	3.5
A-58-ASP	B-96-GLU	0.6	8.6	negative-negative	0.2	6.4
A-58-ASP	B-97-LYS	0.7	8.8	negative-positive	0.0	6.1
A-102-TYR	B-83-GLU	0.5	8.9	polar-negative	1.0	3.2
A-102-TYR	B-85-VAL	0.9	7.9	polar-apolar	0.3	5.5
A-102-TYR	B-96-GLU	0.6	8.9	polar-negative	0.5	5.7
A-103-ASP	B-85-VAL	0.7	7.6	negative-apolar	0.4	5.6
A-103-ASP	B-86-ASP	0.5	8.3	negative-negative	0.2	5.6
A-103-ASP	B-96-GLU	0.6	8.2	negative-negative	0.8	3.8
A-104-PRO	B-85-VAL	0.4	8.8	apolar-apolar	0.3	7.1
A-104-PRO	B-86-ASP	0.5	8.4	apolar-negative	0.3	5.7
A-104-PRO	B-89-ASN	0.7	8.3	apolar-polar	0.6	5.0