################################################################################
# This file contains extracted contacts half-matrix information
# atom1: Chain-Resname-ResID-Atome key identifying first atom
# atom2: Chain-Resname-ResID-Atome key identifying second atom
# avg_dist: Cluster average distance
# nb_dists: Total number of observed distances
# std_dist: Cluster distance standard deviation
################################################################################
atom1	atom2	avg_dist	nb_dists	std_dist
A-30-SER-O	B-73-LEU-CD1	4.13	5	0.27
A-31-THR-CA	B-73-LEU-CD1	3.71	6	0.18
A-31-THR-CB	B-73-LEU-CD1	4.23	5	0.09
A-31-THR-CG2	B-73-LEU-CB	3.61	6	0.16
A-31-THR-CG2	B-73-LEU-CG	4.26	5	0.11
A-31-THR-CG2	B-73-LEU-CD1	3.85	6	0.28
A-31-THR-C	B-73-LEU-CD1	4.16	5	0.1
A-31-THR-CG2	B-76-ASP-OD1	3.36	2	0.24
A-32-SER-CB	B-71-CYS-O	3.64	6	0.4
A-32-SER-OG	B-71-CYS-C	4.14	6	0.16
A-32-SER-OG	B-71-CYS-O	3.08	6	0.3
A-32-SER-CB	B-72-VAL-CA	4.08	6	0.26
A-32-SER-CB	B-72-VAL-C	4.18	3	0.09
A-32-SER-OG	B-72-VAL-N	4.43	2	0.03
A-32-SER-OG	B-72-VAL-CA	4.01	6	0.37
A-32-SER-OG	B-72-VAL-CB	4.45	2	0.0
A-32-SER-OG	B-72-VAL-CG2	4.12	1	0.0
A-32-SER-OG	B-72-VAL-C	3.96	3	0.36
A-32-SER-C	B-72-VAL-CG2	4.06	5	0.16
A-32-SER-O	B-72-VAL-CA	4.24	5	0.16
A-32-SER-O	B-72-VAL-CB	4.12	6	0.29
A-32-SER-O	B-72-VAL-CG2	3.16	5	0.02
A-32-SER-O	B-72-VAL-C	4.27	3	0.16
A-32-SER-N	B-73-LEU-CB	4.0	5	0.37
A-32-SER-N	B-73-LEU-CG	4.0	5	0.25
A-32-SER-N	B-73-LEU-CD1	3.61	5	0.24
A-32-SER-CA	B-73-LEU-N	4.29	3	0.04
A-32-SER-CA	B-73-LEU-CB	4.03	2	0.02
A-32-SER-CA	B-73-LEU-CG	4.24	2	0.01
A-32-SER-CA	B-73-LEU-CD1	4.27	2	0.05
A-32-SER-CB	B-73-LEU-N	3.83	5	0.32
A-32-SER-CB	B-73-LEU-CA	4.19	2	0.05
A-32-SER-CB	B-73-LEU-CB	3.66	2	0.01
A-32-SER-CB	B-73-LEU-CG	3.6	2	0.02
A-32-SER-CB	B-73-LEU-CD1	4.02	2	0.1
A-32-SER-OG	B-73-LEU-N	3.57	3	0.49
A-32-SER-C	B-73-LEU-N	4.0	2	0.04
A-32-SER-C	B-73-LEU-CB	4.26	2	0.02
A-32-SER-O	B-73-LEU-N	3.7	5	0.45
A-32-SER-O	B-73-LEU-CA	3.84	2	0.03
A-32-SER-O	B-73-LEU-CB	3.59	2	0.06
A-32-SER-O	B-73-LEU-C	4.33	2	0.04
A-32-SER-O	B-73-LEU-O	4.14	2	0.05
A-32-SER-CB	B-116-GLN-NE2	4.05	5	0.21
A-32-SER-OG	B-116-GLN-CG	3.78	6	0.37
A-32-SER-OG	B-116-GLN-CD	3.97	5	0.26
A-32-SER-OG	B-116-GLN-NE2	4.17	5	0.14
A-32-SER-CB	B-117-PHE-CZ	3.84	5	0.28
A-32-SER-OG	B-117-PHE-CE2	4.06	3	0.24
A-32-SER-OG	B-117-PHE-CZ	3.84	4	0.39
A-33-GLY-N	B-72-VAL-CG2	4.3	2	0.18
A-33-GLY-CA	B-72-VAL-CG2	3.96	2	0.11
A-54-TRP-CD1	B-96-GLU-CG	4.13	4	0.17
A-54-TRP-CD1	B-98-ARG-NH2	4.3	1	0.0
A-54-TRP-CD2	B-98-ARG-NH2	4.32	5	0.13
A-54-TRP-NE1	B-98-ARG-NH2	4.03	6	0.29
A-54-TRP-CE2	B-98-ARG-CZ	4.39	3	0.03
A-54-TRP-CE2	B-98-ARG-NH2	3.68	6	0.13
A-54-TRP-CZ2	B-98-ARG-CZ	4.27	6	0.1
A-54-TRP-CZ2	B-98-ARG-NH2	3.44	6	0.07
A-54-TRP-CH2	B-98-ARG-NH2	3.93	6	0.22
A-55-TRP-CZ2	B-98-ARG-CB	3.69	6	0.08
A-55-TRP-CZ2	B-98-ARG-CG	4.16	6	0.14
A-55-TRP-CZ2	B-98-ARG-CD	4.29	5	0.14
A-55-TRP-CZ3	B-98-ARG-CD	4.06	6	0.12
A-55-TRP-CZ3	B-98-ARG-NE	3.88	6	0.27
A-55-TRP-CH2	B-98-ARG-CB	3.59	6	0.13
A-55-TRP-CH2	B-98-ARG-CG	3.57	6	0.19
A-55-TRP-CH2	B-98-ARG-CD	3.46	6	0.1
A-55-TRP-CH2	B-98-ARG-NE	3.67	6	0.25
A-55-TRP-CH2	B-98-ARG-CZ	4.38	1	0.0
A-55-TRP-CD1	B-116-GLN-CD	4.41	5	0.02
A-55-TRP-CD1	B-116-GLN-NE2	3.92	6	0.13
A-55-TRP-NE1	B-116-GLN-CG	4.39	3	0.05
A-55-TRP-NE1	B-116-GLN-CD	3.47	6	0.07
A-55-TRP-NE1	B-116-GLN-OE1	3.38	6	0.29
A-55-TRP-NE1	B-116-GLN-NE2	3.32	6	0.18
A-55-TRP-CE2	B-116-GLN-NE2	4.38	4	0.12
A-56-ASP-CG	B-96-GLU-CB	4.33	3	0.15
A-56-ASP-OD1	B-96-GLU-CA	3.66	2	0.17
A-56-ASP-OD1	B-96-GLU-CB	3.58	2	0.32
A-56-ASP-OD1	B-96-GLU-CG	4.25	2	0.12
A-56-ASP-OD1	B-96-GLU-C	3.83	2	0.29
A-56-ASP-OD2	B-96-GLU-CB	3.98	6	0.28
A-56-ASP-CB	B-97-LYS-N	4.29	1	0.0
A-56-ASP-CB	B-97-LYS-CB	4.17	6	0.26
A-56-ASP-CG	B-97-LYS-N	4.01	6	0.18
A-56-ASP-CG	B-97-LYS-CA	4.5	1	0.0
A-56-ASP-CG	B-97-LYS-CB	4.28	6	0.12
A-56-ASP-OD1	B-97-LYS-N	3.07	2	0.34
A-56-ASP-OD1	B-97-LYS-CA	4.03	2	0.37
A-56-ASP-OD1	B-97-LYS-CB	3.88	2	0.31
A-56-ASP-OD2	B-97-LYS-N	3.15	5	0.6
A-56-ASP-CB	B-116-GLN-OE1	4.25	2	0.02
A-57-GLY-O	B-94-LYS-NZ	4.04	3	0.25
A-58-ASP-CB	B-92-LYS-NZ	4.36	1	0.0
A-58-ASP-CG	B-92-LYS-CE	4.46	1	0.0
A-58-ASP-CG	B-92-LYS-NZ	3.51	3	0.29
A-58-ASP-OD1	B-92-LYS-CE	4.14	2	0.09
A-58-ASP-OD1	B-92-LYS-NZ	3.53	3	0.65
A-58-ASP-OD2	B-92-LYS-CE	3.94	2	0.21
A-58-ASP-OD2	B-92-LYS-NZ	3.01	3	0.47
A-58-ASP-CA	B-94-LYS-NZ	3.78	3	0.13
A-58-ASP-CB	B-94-LYS-NZ	3.95	6	0.18
A-58-ASP-CG	B-94-LYS-CE	4.36	2	0.07
A-58-ASP-CG	B-94-LYS-NZ	3.57	6	0.11
A-58-ASP-CG	B-94-LYS-O	4.27	1	0.0
A-58-ASP-OD1	B-94-LYS-CG	3.76	1	0.0
A-58-ASP-OD1	B-94-LYS-CD	4.09	1	0.0
A-58-ASP-OD1	B-94-LYS-CE	3.37	6	0.04
A-58-ASP-OD1	B-94-LYS-NZ	2.59	6	0.03
A-58-ASP-OD1	B-94-LYS-C	4.26	1	0.0
A-58-ASP-OD1	B-94-LYS-O	3.88	3	0.41
A-58-ASP-OD2	B-94-LYS-NZ	4.32	1	0.0
A-58-ASP-C	B-94-LYS-NZ	4.42	1	0.0
A-58-ASP-CB	B-96-GLU-CA	4.28	1	0.0
A-58-ASP-CB	B-96-GLU-CB	4.41	1	0.0
A-58-ASP-CB	B-96-GLU-CG	4.04	4	0.34
A-58-ASP-CB	B-96-GLU-CD	4.46	1	0.0
A-58-ASP-CB	B-96-GLU-OE1	4.48	2	0.02
A-58-ASP-CG	B-96-GLU-CG	4.19	3	0.2
A-58-ASP-CG	B-96-GLU-CD	4.37	2	0.11
A-58-ASP-CG	B-96-GLU-OE1	4.03	3	0.13
A-58-ASP-OD2	B-96-GLU-CG	3.96	2	0.14
A-58-ASP-OD2	B-96-GLU-CD	3.95	2	0.12
A-58-ASP-OD2	B-96-GLU-OE1	3.8	3	0.3
A-59-GLU-N	B-94-LYS-NZ	4.1	1	0.0
A-59-GLU-CD	B-94-LYS-NZ	3.76	1	0.0
A-59-GLU-OE1	B-94-LYS-NZ	4.34	1	0.0
A-59-GLU-OE2	B-94-LYS-CE	3.65	1	0.0
A-59-GLU-OE2	B-94-LYS-NZ	2.57	1	0.0
A-101-ARG-CZ	B-73-LEU-O	3.95	6	0.17
A-101-ARG-NH2	B-73-LEU-C	3.97	6	0.19
A-101-ARG-NH2	B-73-LEU-O	2.87	6	0.12
A-101-ARG-NH2	B-75-ASP-N	3.88	2	0.03
A-101-ARG-NH2	B-75-ASP-CA	4.41	1	0.0
A-102-TYR-CD2	B-72-VAL-CG2	4.21	3	0.16
A-102-TYR-CE2	B-72-VAL-CB	4.02	6	0.2
A-102-TYR-CE2	B-72-VAL-CG1	3.77	5	0.21
A-102-TYR-CE2	B-72-VAL-CG2	3.54	6	0.09
A-102-TYR-CZ	B-72-VAL-CG1	4.13	4	0.07
A-102-TYR-CZ	B-72-VAL-CG2	3.87	6	0.15
A-102-TYR-OH	B-72-VAL-CG1	3.63	5	0.21
A-102-TYR-OH	B-72-VAL-CG2	3.61	6	0.41
A-102-TYR-OH	B-73-LEU-C	4.38	1	0.0
A-102-TYR-OH	B-73-LEU-O	3.98	1	0.0
A-102-TYR-CE1	B-74-LYS-NZ	4.33	3	0.12
A-102-TYR-CE2	B-74-LYS-NZ	4.22	1	0.0
A-102-TYR-CZ	B-74-LYS-NZ	3.79	4	0.13
A-102-TYR-OH	B-74-LYS-N	4.32	2	0.0
A-102-TYR-OH	B-74-LYS-CA	3.83	2	0.01
A-102-TYR-OH	B-74-LYS-CB	3.91	2	0.29
A-102-TYR-OH	B-74-LYS-CG	3.91	5	0.3
A-102-TYR-OH	B-74-LYS-CD	4.33	3	0.13
A-102-TYR-OH	B-74-LYS-CE	3.83	4	0.12
A-102-TYR-OH	B-74-LYS-NZ	2.84	4	0.06
A-102-TYR-CD2	B-81-GLN-CD	4.31	2	0.0
A-102-TYR-CD2	B-81-GLN-OE1	4.47	2	0.01
A-102-TYR-CD2	B-81-GLN-NE2	3.73	6	0.35
A-102-TYR-CE2	B-81-GLN-CD	3.9	4	0.12
A-102-TYR-CE2	B-81-GLN-OE1	3.92	3	0.28
A-102-TYR-CE2	B-81-GLN-NE2	3.38	6	0.24
A-102-TYR-CZ	B-81-GLN-OE1	4.25	4	0.17
A-102-TYR-CZ	B-81-GLN-NE2	3.85	5	0.28
A-102-TYR-OH	B-81-GLN-OE1	4.06	5	0.18
A-102-TYR-CD2	B-83-GLU-OE1	3.72	6	0.47
A-103-ASP-N	B-83-GLU-OE2	4.25	3	0.1
A-103-ASP-CB	B-83-GLU-CG	4.07	2	0.2
A-103-ASP-CB	B-83-GLU-CD	4.46	1	0.0
A-103-ASP-CB	B-83-GLU-OE2	4.16	1	0.0
A-103-ASP-CB	B-98-ARG-NH1	3.61	6	0.27
A-103-ASP-CG	B-98-ARG-CZ	4.18	2	0.02
A-103-ASP-CG	B-98-ARG-NH1	3.87	3	0.44
A-103-ASP-CG	B-98-ARG-NH2	4.03	5	0.26
A-103-ASP-OD1	B-98-ARG-NE	4.46	1	0.0
A-103-ASP-OD1	B-98-ARG-CZ	3.15	2	0.03
A-103-ASP-OD1	B-98-ARG-NH1	2.82	2	0.07
A-103-ASP-OD1	B-98-ARG-NH2	3.61	6	0.7
A-30-SER-C	B-73-LEU-CD1	4.4	2	0.09
A-31-THR-N	B-73-LEU-CD1	4.32	2	0.02
A-31-THR-CA	B-73-LEU-CB	4.41	2	0.09
A-31-THR-CA	B-73-LEU-CG	4.48	1	0.0
A-31-THR-CB	B-73-LEU-CB	4.49	1	0.0
A-31-THR-CG2	B-73-LEU-CA	4.4	1	0.0
A-31-THR-CG2	B-73-LEU-C	4.41	1	0.0
A-31-THR-CG2	B-73-LEU-O	3.88	4	0.24
A-32-SER-CB	B-71-CYS-C	4.36	3	0.02
A-32-SER-CB	B-72-VAL-N	4.45	1	0.0
A-32-SER-CB	B-72-VAL-CB	4.17	1	0.0
A-32-SER-CB	B-72-VAL-CG1	4.18	1	0.0
A-32-SER-C	B-72-VAL-CB	4.22	1	0.0
A-32-SER-C	B-72-VAL-CG1	3.93	1	0.0
A-32-SER-O	B-72-VAL-CG1	3.49	1	0.0
A-32-SER-N	B-73-LEU-N	4.22	1	0.0
A-32-SER-OG	B-73-LEU-CA	3.73	1	0.0
A-32-SER-OG	B-73-LEU-CB	3.52	1	0.0
A-32-SER-OG	B-73-LEU-CG	3.24	1	0.0
A-32-SER-OG	B-73-LEU-CD1	3.8	1	0.0
A-32-SER-OG	B-73-LEU-CD2	4.46	1	0.0
A-32-SER-CB	B-116-GLN-CG	3.91	4	0.27
A-32-SER-CB	B-116-GLN-CD	4.08	4	0.29
A-32-SER-OG	B-117-PHE-CE1	4.17	1	0.0
A-33-GLY-N	B-72-VAL-CG1	4.37	1	0.0
A-33-GLY-CA	B-72-VAL-CG1	4.39	1	0.0
A-54-TRP-NE1	B-92-LYS-NZ	4.28	1	0.0
A-54-TRP-CG	B-96-GLU-CG	4.24	1	0.0
A-54-TRP-CG	B-96-GLU-OE1	4.31	1	0.0
A-54-TRP-CD1	B-96-GLU-CD	4.2	1	0.0
A-54-TRP-CD1	B-96-GLU-OE1	3.98	2	0.34
A-54-TRP-CD2	B-96-GLU-OE1	4.28	1	0.0
A-54-TRP-NE1	B-96-GLU-CG	4.29	3	0.09
A-54-TRP-NE1	B-96-GLU-CD	4.05	1	0.0
A-54-TRP-NE1	B-96-GLU-OE1	3.56	2	0.43
A-54-TRP-CE2	B-96-GLU-OE1	3.58	1	0.0
A-54-TRP-CZ2	B-96-GLU-OE1	4.05	1	0.0
A-54-TRP-CH2	B-98-ARG-CZ	4.27	4	0.06
A-55-TRP-CZ3	B-96-GLU-CB	4.11	3	0.09
A-55-TRP-CZ3	B-96-GLU-CG	4.33	3	0.13
A-55-TRP-CH2	B-96-GLU-CB	3.72	4	0.15
A-55-TRP-CZ2	B-97-LYS-C	4.16	4	0.22
A-55-TRP-CZ2	B-98-ARG-N	3.76	5	0.24
A-55-TRP-CZ2	B-98-ARG-CA	4.14	5	0.12
A-55-TRP-CZ3	B-98-ARG-CG	4.35	3	0.06
A-55-TRP-CH2	B-98-ARG-N	3.94	5	0.2
A-55-TRP-CH2	B-98-ARG-CA	4.31	5	0.11
A-55-TRP-CD1	B-116-GLN-OE1	4.26	4	0.12
A-55-TRP-CE2	B-116-GLN-CD	4.33	5	0.12
A-55-TRP-CE2	B-116-GLN-OE1	3.98	5	0.16
A-55-TRP-CZ2	B-116-GLN-CD	4.28	2	0.01
A-55-TRP-CZ2	B-116-GLN-OE1	4.04	5	0.16
A-56-ASP-CG	B-96-GLU-CA	4.48	1	0.0
A-56-ASP-OD2	B-96-GLU-CG	4.28	3	0.08
A-56-ASP-OD1	B-97-LYS-CG	4.03	1	0.0
A-56-ASP-OD1	B-97-LYS-C	4.48	1	0.0
A-56-ASP-OD1	B-98-ARG-N	4.37	1	0.0
A-58-ASP-OD2	B-92-LYS-CD	4.33	1	0.0
A-58-ASP-OD2	B-96-GLU-OE2	4.49	1	0.0
A-101-ARG-NH1	B-73-LEU-O	4.02	4	0.22
A-101-ARG-NH2	B-73-LEU-N	4.14	4	0.11
A-102-TYR-CD2	B-72-VAL-CG1	4.18	1	0.0
A-102-TYR-CZ	B-72-VAL-CB	4.41	3	0.03
A-102-TYR-OH	B-72-VAL-CB	4.08	5	0.2
A-102-TYR-CG	B-81-GLN-NE2	4.35	3	0.12
A-102-TYR-CD1	B-81-GLN-NE2	4.38	2	0.09
A-102-TYR-CE1	B-81-GLN-NE2	4.21	3	0.17
A-102-TYR-CZ	B-81-GLN-CD	4.16	3	0.1
A-102-TYR-OH	B-81-GLN-CD	4.16	4	0.1
A-102-TYR-OH	B-81-GLN-NE2	4.02	4	0.13
A-102-TYR-CA	B-83-GLU-OE2	4.1	3	0.16
A-102-TYR-CB	B-83-GLU-CD	4.3	2	0.03
A-102-TYR-CB	B-83-GLU-OE2	4.33	3	0.04
A-102-TYR-CG	B-83-GLU-CD	4.23	3	0.07
A-102-TYR-CG	B-83-GLU-OE1	4.27	3	0.14
A-102-TYR-CG	B-83-GLU-OE2	4.32	3	0.13
A-102-TYR-CD2	B-83-GLU-CD	3.51	4	0.08
A-102-TYR-CD2	B-83-GLU-OE2	3.56	4	0.18
A-102-TYR-CE2	B-83-GLU-CD	4.08	4	0.16
A-102-TYR-CE2	B-83-GLU-OE1	3.54	4	0.05
A-102-TYR-CE2	B-83-GLU-OE2	4.21	3	0.19
A-102-TYR-CZ	B-83-GLU-OE1	4.42	1	0.0
A-102-TYR-CA	B-98-ARG-NH1	4.23	4	0.19
A-102-TYR-C	B-98-ARG-NH1	4.1	4	0.17
A-103-ASP-N	B-83-GLU-CG	4.21	2	0.11
A-103-ASP-O	B-83-GLU-CG	4.3	2	0.03
A-103-ASP-C	B-84-SER-C	4.24	2	0.07
A-103-ASP-C	B-84-SER-O	3.91	4	0.35
A-103-ASP-O	B-84-SER-N	4.16	2	0.14
A-103-ASP-O	B-84-SER-CA	4.26	2	0.12
A-103-ASP-O	B-84-SER-C	3.49	3	0.2
A-103-ASP-O	B-84-SER-O	3.24	5	0.52
A-103-ASP-CB	B-85-VAL-CA	4.08	2	0.1
A-103-ASP-CB	B-85-VAL-CB	4.12	2	0.07
A-103-ASP-CB	B-85-VAL-CG1	3.7	3	0.2
A-103-ASP-CG	B-85-VAL-CA	4.09	2	0.08
A-103-ASP-CG	B-85-VAL-CB	4.1	2	0.03
A-103-ASP-CG	B-85-VAL-CG1	4.01	2	0.01
A-103-ASP-OD2	B-85-VAL-CA	3.24	2	0.06
A-103-ASP-OD2	B-85-VAL-CB	3.39	2	0.03
A-103-ASP-OD2	B-85-VAL-CG1	3.76	2	0.06
A-103-ASP-OD2	B-85-VAL-C	3.52	2	0.02
A-103-ASP-C	B-85-VAL-N	4.41	2	0.03
A-103-ASP-C	B-85-VAL-CA	4.01	2	0.13
A-103-ASP-O	B-85-VAL-N	3.91	3	0.32
A-103-ASP-O	B-85-VAL-CA	3.79	3	0.21
A-103-ASP-O	B-85-VAL-CB	4.49	1	0.0
A-103-ASP-O	B-85-VAL-CG1	4.26	2	0.01
A-103-ASP-O	B-85-VAL-C	4.42	1	0.0
A-103-ASP-CG	B-86-ASP-N	4.09	2	0.03
A-103-ASP-OD2	B-86-ASP-N	2.86	2	0.03
A-103-ASP-OD2	B-86-ASP-CA	3.94	2	0.06
A-103-ASP-OD2	B-86-ASP-CB	3.88	2	0.09
A-103-ASP-C	B-86-ASP-N	4.48	1	0.0
A-103-ASP-CB	B-90-TYR-OH	4.36	1	0.0
A-103-ASP-CG	B-90-TYR-CE1	4.04	2	0.29
A-103-ASP-CG	B-90-TYR-CZ	4.19	1	0.0
A-103-ASP-CG	B-90-TYR-OH	4.24	2	0.23
A-103-ASP-OD1	B-90-TYR-CE1	3.87	1	0.0
A-103-ASP-OD1	B-90-TYR-CZ	4.36	1	0.0
A-103-ASP-OD1	B-90-TYR-OH	3.99	1	0.0
A-103-ASP-OD2	B-90-TYR-CD1	3.92	1	0.0
A-103-ASP-OD2	B-90-TYR-CE1	3.69	2	0.28
A-103-ASP-OD2	B-90-TYR-CZ	4.11	1	0.0
A-103-ASP-OD2	B-90-TYR-OH	4.34	1	0.0
A-103-ASP-N	B-98-ARG-CZ	4.46	1	0.0
A-103-ASP-N	B-98-ARG-NH1	3.9	5	0.3
A-103-ASP-CA	B-98-ARG-NH1	4.14	2	0.11
A-103-ASP-CA	B-98-ARG-NH2	4.46	1	0.0
A-103-ASP-CB	B-98-ARG-CZ	4.11	3	0.26
A-103-ASP-CB	B-98-ARG-NH2	3.81	4	0.33
A-104-PRO-N	B-84-SER-O	3.76	2	0.07
A-104-PRO-CG	B-84-SER-O	4.45	1	0.0
A-104-PRO-CD	B-84-SER-C	4.25	2	0.06
A-104-PRO-CD	B-84-SER-O	3.78	4	0.65
A-104-PRO-N	B-85-VAL-CA	4.21	1	0.0
A-104-PRO-N	B-85-VAL-C	4.46	1	0.0
A-104-PRO-CD	B-85-VAL-CA	4.22	1	0.0
A-104-PRO-CD	B-85-VAL-C	4.12	1	0.0
A-104-PRO-N	B-86-ASP-N	4.1	1	0.0
A-104-PRO-CB	B-86-ASP-CB	4.28	1	0.0
A-104-PRO-CD	B-86-ASP-N	3.88	1	0.0
A-30-SER-O	B-116-GLN-NE2	4.16	2	0.12
A-31-THR-OG1	B-73-LEU-CD1	4.32	2	0.12
A-32-SER-OG	B-98-ARG-CA	4.14	3	0.09
A-32-SER-OG	B-98-ARG-CB	3.72	3	0.08
A-32-SER-N	B-116-GLN-NE2	4.19	1	0.0
A-32-SER-CA	B-116-GLN-CD	4.42	1	0.0
A-32-SER-CA	B-116-GLN-NE2	4.33	3	0.08
A-32-SER-CB	B-116-GLN-OE1	4.33	1	0.0
A-32-SER-OG	B-116-GLN-CB	4.35	2	0.02
A-32-SER-OG	B-116-GLN-OE1	4.25	3	0.1
A-33-GLY-CA	B-98-ARG-CD	4.39	2	0.06
A-54-TRP-CZ3	B-98-ARG-NH2	4.36	3	0.04
A-54-TRP-CH2	B-98-ARG-NH1	4.31	1	0.0
A-55-TRP-CH2	B-96-GLU-CG	4.33	3	0.11
A-55-TRP-CZ2	B-97-LYS-N	4.11	3	0.05
A-55-TRP-CZ2	B-97-LYS-CA	4.32	3	0.06
A-55-TRP-CZ2	B-97-LYS-CB	4.24	3	0.06
A-55-TRP-CZ2	B-97-LYS-O	4.34	1	0.0
A-55-TRP-CH2	B-97-LYS-N	4.13	3	0.07
A-55-TRP-CH2	B-97-LYS-C	4.39	1	0.0
A-56-ASP-OD2	B-96-GLU-CA	3.79	4	0.24
A-56-ASP-OD2	B-96-GLU-C	3.77	4	0.21
A-56-ASP-OD2	B-97-LYS-CA	3.68	4	0.11
A-56-ASP-OD2	B-97-LYS-CB	3.43	4	0.01
A-56-ASP-OD2	B-97-LYS-C	4.43	1	0.0
A-58-ASP-OD1	B-96-GLU-CD	4.38	1	0.0
A-58-ASP-OD1	B-96-GLU-OE1	4.05	4	0.3
A-101-ARG-NE	B-72-VAL-CG2	4.26	2	0.01
A-101-ARG-CZ	B-72-VAL-CG2	4.18	3	0.03
A-101-ARG-NH2	B-72-VAL-CG2	3.32	3	0.05
A-101-ARG-NH2	B-73-LEU-CA	4.33	3	0.04
A-101-ARG-NH2	B-73-LEU-CB	4.32	2	0.06
A-102-TYR-CE1	B-81-GLN-OE1	4.47	1	0.0
A-102-TYR-CA	B-83-GLU-CD	4.31	1	0.0
A-102-TYR-CB	B-83-GLU-CG	4.44	1	0.0
A-102-TYR-CD2	B-83-GLU-CG	4.3	3	0.17
A-102-TYR-C	B-83-GLU-OE2	4.4	1	0.0
A-103-ASP-N	B-83-GLU-CD	4.43	1	0.0
A-103-ASP-O	B-84-SER-CB	4.5	1	0.0
A-103-ASP-OD2	B-85-VAL-N	4.46	1	0.0
A-31-THR-C	B-73-LEU-CB	4.32	1	0.0
A-31-THR-CA	B-76-ASP-OD1	4.46	1	0.0
A-31-THR-CB	B-76-ASP-OD1	3.71	1	0.0
A-31-THR-OG1	B-76-ASP-CG	4.19	1	0.0
A-31-THR-OG1	B-76-ASP-OD1	3.18	1	0.0
A-31-THR-OG1	B-76-ASP-OD2	4.45	1	0.0
A-31-THR-CG2	B-76-ASP-CG	4.37	1	0.0
A-54-TRP-CZ2	B-98-ARG-NH1	4.46	1	0.0
A-56-ASP-OD2	B-97-LYS-CG	4.22	2	0.24
A-58-ASP-OD1	B-96-GLU-CG	4.5	1	0.0
A-101-ARG-NH2	B-74-LYS-CA	4.24	1	0.0
A-102-TYR-CE1	B-72-VAL-CG2	4.38	1	0.0
A-32-SER-CB	B-117-PHE-CE2	4.15	2	0.34
A-55-TRP-CZ3	B-98-ARG-CZ	4.44	2	0.02
A-56-ASP-CB	B-97-LYS-CD	4.3	2	0.17
A-32-SER-CB	B-117-PHE-CE1	4.45	1	0.0
A-55-TRP-CH2	B-96-GLU-C	4.49	1	0.0