################################################################################
# This file contains extracted interchain contacts information
# res1: Chain-Resname-ResID key identifying first residue
# res2: Chain-Resname-ResID key identifying second residue
# ca-ca-cont-probability: Fraction of times a contact is observed under the ca-ca-dist threshold over all analysed models of the same cluster
# ca-ca-dist: Observed distances between the two carbon alpha (Ca) atoms
# contact-type: ResidueType - ResidueType contact name
# shortest-cont-probability: Fraction of times a contact is observed under the shortest-dist threshold over all analysed models of the same cluster
# shortest-dist: Observed shortest distance between the two residues
################################################################################
res1	res2	ca-ca-cont-probability	ca-ca-dist	contact-type	shortest-cont-probability	shortest-dist
A-31-THR	B-72-VAL	1.0	7.7	polar-apolar	0.0	5.9
A-31-THR	B-73-LEU	1.0	6.0	polar-apolar	1.0	3.5
A-31-THR	B-74-LYS	0.67	8.9	polar-positive	0.0	6.1
A-31-THR	B-76-ASP	0.67	8.1	polar-negative	0.33	5.5
A-32-SER	B-71-CYS	1.0	7.4	polar-polar	1.0	3.1
A-32-SER	B-72-VAL	1.0	5.1	polar-apolar	1.0	3.2
A-32-SER	B-73-LEU	1.0	5.5	polar-apolar	0.83	3.6
A-32-SER	B-74-LYS	0.67	8.8	polar-positive	0.0	6.4
A-32-SER	B-78-PRO	0.83	8.6	polar-apolar	0.0	7.3
A-32-SER	B-97-LYS	0.67	8.5	polar-positive	0.0	6.0
A-32-SER	B-98-ARG	1.0	6.9	polar-positive	0.5	4.4
A-32-SER	B-116-GLN	1.0	7.8	polar-polar	1.0	3.8
A-33-GLY	B-70-SER	0.67	8.9	apolar-polar	0.0	7.8
A-33-GLY	B-71-CYS	1.0	8.6	apolar-polar	0.0	5.9
A-33-GLY	B-72-VAL	1.0	6.1	apolar-apolar	0.5	4.5
A-33-GLY	B-73-LEU	1.0	7.5	apolar-apolar	0.0	5.9
A-33-GLY	B-98-ARG	1.0	7.2	apolar-positive	0.33	5.1
A-54-TRP	B-96-GLU	1.0	8.4	polar-negative	0.83	4.2
A-56-ASP	B-96-GLU	1.0	7.3	negative-negative	1.0	3.7
A-56-ASP	B-97-LYS	1.0	6.6	negative-positive	1.0	2.9
A-56-ASP	B-98-ARG	1.0	8.5	negative-positive	0.5	4.6
A-56-ASP	B-116-GLN	0.67	8.7	negative-polar	0.5	4.9
A-57-GLY	B-96-GLU	1.0	7.8	apolar-negative	0.0	7.0
A-57-GLY	B-97-LYS	1.0	8.4	apolar-positive	0.0	6.4
A-58-ASP	B-94-LYS	0.5	8.8	negative-positive	1.0	2.6
A-58-ASP	B-95-MET	0.67	8.6	negative-apolar	0.0	5.9
A-58-ASP	B-96-GLU	1.0	6.8	negative-negative	1.0	3.9
A-102-TYR	B-72-VAL	0.67	8.8	polar-apolar	1.0	3.4
A-102-TYR	B-83-GLU	1.0	7.6	polar-negative	1.0	3.7
A-102-TYR	B-84-SER	0.67	8.8	polar-polar	0.0	7.0
A-102-TYR	B-85-VAL	0.5	8.8	polar-apolar	0.0	7.3
A-103-ASP	B-83-GLU	1.0	7.2	negative-negative	0.67	4.4
A-103-ASP	B-84-SER	1.0	6.9	negative-polar	0.83	3.5
A-103-ASP	B-85-VAL	1.0	5.9	negative-apolar	0.5	4.4
A-103-ASP	B-86-ASP	0.83	8.0	negative-negative	0.33	4.8
A-104-PRO	B-84-SER	1.0	7.8	apolar-polar	0.67	4.2
A-104-PRO	B-85-VAL	1.0	6.5	apolar-apolar	0.17	5.6
A-104-PRO	B-86-ASP	1.0	7.2	apolar-negative	0.17	6.0