################################################################################
# This file contains extracted contacts half-matrix information
# atom1: Chain-Resname-ResID-Atome key identifying first atom
# atom2: Chain-Resname-ResID-Atome key identifying second atom
# avg_dist: Cluster average distance
# nb_dists: Total number of observed distances
# std_dist: Cluster distance standard deviation
################################################################################
atom1	atom2	avg_dist	nb_dists	std_dist
A-32-SER-OG	B-83-GLU-CG	3.74	4	0.25
A-32-SER-CB	B-84-SER-O	3.38	9	0.21
A-32-SER-OG	B-84-SER-N	3.83	6	0.21
A-32-SER-OG	B-84-SER-CA	4.23	7	0.13
A-32-SER-OG	B-84-SER-CB	4.15	7	0.23
A-32-SER-OG	B-84-SER-C	3.92	9	0.17
A-32-SER-OG	B-84-SER-O	2.93	9	0.27
A-33-GLY-CA	B-83-GLU-OE2	4.34	2	0.11
A-54-TRP-CD2	B-98-ARG-NH2	4.26	7	0.19
A-54-TRP-NE1	B-98-ARG-NH2	4.39	2	0.07
A-54-TRP-CE2	B-98-ARG-NH2	3.92	8	0.2
A-54-TRP-CE3	B-98-ARG-NH2	4.15	7	0.14
A-54-TRP-CZ2	B-98-ARG-NH2	3.43	8	0.18
A-54-TRP-CZ3	B-98-ARG-NH2	3.77	9	0.22
A-54-TRP-CH2	B-98-ARG-CZ	4.39	4	0.05
A-54-TRP-CH2	B-98-ARG-NH2	3.42	9	0.35
A-55-TRP-CZ2	B-81-GLN-NE2	3.9	8	0.32
A-55-TRP-CH2	B-81-GLN-NE2	3.93	6	0.37
A-55-TRP-CZ2	B-83-GLU-CD	3.63	8	0.32
A-55-TRP-CZ2	B-83-GLU-OE1	3.83	8	0.3
A-55-TRP-CH2	B-83-GLU-CD	3.58	9	0.25
A-55-TRP-CH2	B-83-GLU-OE1	3.64	8	0.21
A-55-TRP-CH2	B-83-GLU-OE2	3.52	9	0.29
A-55-TRP-CZ3	B-98-ARG-NH1	3.58	9	0.11
A-55-TRP-CH2	B-98-ARG-NH1	3.45	9	0.09
A-56-ASP-CG	B-74-LYS-CE	4.22	3	0.2
A-56-ASP-CG	B-74-LYS-NZ	3.66	6	0.11
A-56-ASP-OD1	B-74-LYS-CE	3.48	5	0.09
A-56-ASP-OD1	B-74-LYS-NZ	2.88	6	0.58
A-56-ASP-OD2	B-74-LYS-CE	3.99	2	0.36
A-56-ASP-OD2	B-74-LYS-NZ	3.98	6	0.63
A-58-ASP-CB	B-73-LEU-O	4.15	5	0.14
A-58-ASP-CG	B-73-LEU-C	3.9	6	0.28
A-58-ASP-CG	B-73-LEU-O	3.41	6	0.47
A-58-ASP-OD1	B-73-LEU-C	3.75	6	0.26
A-58-ASP-OD1	B-73-LEU-O	3.2	6	0.16
A-58-ASP-OD2	B-73-LEU-C	3.63	6	0.45
A-58-ASP-OD2	B-73-LEU-O	3.43	6	0.5
A-58-ASP-CB	B-74-LYS-NZ	4.0	5	0.15
A-58-ASP-CG	B-74-LYS-N	4.05	6	0.27
A-58-ASP-CG	B-74-LYS-CA	3.72	6	0.26
A-58-ASP-CG	B-74-LYS-NZ	3.1	5	0.23
A-58-ASP-CG	B-74-LYS-C	4.31	5	0.11
A-58-ASP-OD1	B-74-LYS-N	3.79	6	0.43
A-58-ASP-OD1	B-74-LYS-CA	3.24	6	0.24
A-58-ASP-OD1	B-74-LYS-NZ	3.37	5	0.61
A-58-ASP-OD1	B-74-LYS-C	3.73	6	0.29
A-58-ASP-OD2	B-74-LYS-N	3.46	5	0.3
A-58-ASP-OD2	B-74-LYS-CA	3.19	5	0.14
A-58-ASP-OD2	B-74-LYS-CB	3.92	5	0.27
A-58-ASP-OD2	B-74-LYS-CG	3.78	5	0.41
A-58-ASP-OD2	B-74-LYS-CD	4.07	4	0.31
A-58-ASP-OD2	B-74-LYS-CE	3.74	5	0.32
A-58-ASP-OD2	B-74-LYS-NZ	2.7	5	0.12
A-58-ASP-OD2	B-74-LYS-C	4.14	4	0.22
A-58-ASP-CG	B-75-ASP-N	3.9	5	0.26
A-58-ASP-OD1	B-75-ASP-N	2.94	5	0.19
A-58-ASP-OD1	B-75-ASP-CA	4.0	5	0.32
A-58-ASP-OD1	B-75-ASP-C	4.34	1	0.0
A-58-ASP-OD2	B-75-ASP-N	3.91	3	0.3
A-58-ASP-OD1	B-76-ASP-N	4.24	2	0.24
A-101-ARG-NH2	B-84-SER-O	4.32	1	0.0
A-102-TYR-CG	B-83-GLU-OE2	4.49	1	0.0
A-102-TYR-CD2	B-83-GLU-CD	4.35	1	0.0
A-102-TYR-CD2	B-83-GLU-OE2	3.24	1	0.0
A-102-TYR-CE2	B-83-GLU-CG	4.25	1	0.0
A-102-TYR-CE2	B-83-GLU-CD	4.31	1	0.0
A-102-TYR-CE2	B-83-GLU-OE2	3.47	1	0.0
A-102-TYR-CZ	B-84-SER-O	4.16	1	0.0
A-102-TYR-OH	B-84-SER-C	3.86	1	0.0
A-102-TYR-OH	B-84-SER-O	3.79	4	0.48
A-102-TYR-CZ	B-85-VAL-CG1	4.14	1	0.0
A-102-TYR-OH	B-85-VAL-N	4.12	1	0.0
A-102-TYR-OH	B-85-VAL-CA	3.65	4	0.09
A-102-TYR-OH	B-85-VAL-CB	4.31	3	0.19
A-102-TYR-OH	B-85-VAL-CG1	3.77	1	0.0
A-102-TYR-OH	B-85-VAL-C	3.88	4	0.35
A-102-TYR-CD1	B-90-TYR-OH	3.97	4	0.19
A-102-TYR-CE1	B-90-TYR-OH	3.98	5	0.26
A-102-TYR-CZ	B-90-TYR-OH	3.77	9	0.35
A-102-TYR-CB	B-96-GLU-CB	4.33	1	0.0
A-102-TYR-CB	B-96-GLU-CG	3.72	7	0.33
A-102-TYR-CG	B-96-GLU-CG	3.78	6	0.27
A-102-TYR-CD1	B-96-GLU-CG	4.11	3	0.18
A-102-TYR-CA	B-98-ARG-NE	4.26	1	0.0
A-102-TYR-CA	B-98-ARG-CZ	4.26	2	0.05
A-102-TYR-CA	B-98-ARG-NH1	4.45	1	0.0
A-102-TYR-CD2	B-98-ARG-CD	4.42	1	0.0
A-102-TYR-C	B-98-ARG-NE	4.2	2	0.19
A-102-TYR-C	B-98-ARG-CZ	4.22	5	0.15
A-102-TYR-C	B-98-ARG-NH2	3.89	8	0.37
A-102-TYR-O	B-98-ARG-NH2	3.62	6	0.42
A-102-TYR-CG	B-99-PHE-CE2	4.41	1	0.0
A-102-TYR-CD2	B-99-PHE-CE2	4.04	1	0.0
A-102-TYR-CD2	B-99-PHE-CZ	4.27	1	0.0
A-102-TYR-CE2	B-99-PHE-CE2	4.29	1	0.0
A-102-TYR-CE2	B-99-PHE-CZ	4.21	1	0.0
A-103-ASP-OD1	B-72-VAL-CG2	4.17	2	0.15
A-103-ASP-N	B-96-GLU-CB	4.08	5	0.25
A-103-ASP-N	B-96-GLU-CG	3.7	9	0.39
A-103-ASP-C	B-96-GLU-CB	4.22	4	0.08
A-103-ASP-C	B-96-GLU-CG	4.33	5	0.11
A-103-ASP-O	B-96-GLU-CA	3.47	7	0.36
A-103-ASP-O	B-96-GLU-CB	3.62	7	0.39
A-103-ASP-O	B-96-GLU-CG	3.81	7	0.3
A-103-ASP-O	B-96-GLU-C	3.71	6	0.29
A-103-ASP-OD2	B-97-LYS-CE	3.92	2	0.52
A-103-ASP-C	B-97-LYS-N	3.93	6	0.23
A-103-ASP-C	B-97-LYS-CA	4.5	1	0.0
A-103-ASP-C	B-97-LYS-CB	4.18	4	0.14
A-103-ASP-O	B-97-LYS-N	3.07	6	0.25
A-103-ASP-O	B-97-LYS-CA	3.97	5	0.22
A-103-ASP-O	B-97-LYS-CB	3.91	5	0.36
A-103-ASP-O	B-97-LYS-C	4.29	1	0.0
A-103-ASP-N	B-98-ARG-CG	4.2	1	0.0
A-103-ASP-N	B-98-ARG-CD	4.0	1	0.0
A-103-ASP-N	B-98-ARG-NE	4.08	4	0.4
A-103-ASP-N	B-98-ARG-CZ	4.12	3	0.16
A-103-ASP-N	B-98-ARG-NH2	4.05	8	0.19
A-103-ASP-CA	B-98-ARG-NE	4.22	3	0.23
A-103-ASP-CA	B-98-ARG-CZ	4.48	1	0.0
A-103-ASP-CA	B-98-ARG-NH2	4.19	6	0.14
A-103-ASP-CB	B-98-ARG-N	4.28	4	0.09
A-103-ASP-CB	B-98-ARG-CB	4.2	5	0.17
A-103-ASP-CB	B-98-ARG-CG	4.21	6	0.15
A-103-ASP-CB	B-98-ARG-CD	4.25	5	0.19
A-103-ASP-CB	B-98-ARG-NE	3.32	6	0.13
A-103-ASP-CB	B-98-ARG-CZ	3.87	7	0.2
A-103-ASP-CB	B-98-ARG-NH2	3.65	8	0.38
A-103-ASP-CG	B-98-ARG-NE	3.88	6	0.31
A-103-ASP-CG	B-98-ARG-CZ	4.09	4	0.23
A-103-ASP-CG	B-98-ARG-NH2	3.82	6	0.41
A-103-ASP-OD1	B-98-ARG-NE	3.42	4	0.43
A-103-ASP-OD1	B-98-ARG-CZ	3.54	4	0.34
A-103-ASP-OD1	B-98-ARG-NH2	3.1	5	0.65
A-103-ASP-C	B-98-ARG-N	4.47	1	0.0
A-103-ASP-O	B-98-ARG-N	4.15	3	0.29
A-103-ASP-O	B-98-ARG-CG	4.24	1	0.0
A-103-ASP-CB	B-116-GLN-CD	4.24	2	0.04
A-103-ASP-CB	B-116-GLN-OE1	3.94	2	0.08
A-103-ASP-CB	B-116-GLN-NE2	4.19	4	0.18
A-103-ASP-CG	B-116-GLN-CD	4.13	5	0.24
A-103-ASP-CG	B-116-GLN-OE1	3.98	3	0.11
A-103-ASP-CG	B-116-GLN-NE2	3.34	6	0.14
A-103-ASP-OD1	B-116-GLN-NE2	3.48	6	0.42
A-103-ASP-OD2	B-116-GLN-CD	3.66	6	0.17
A-103-ASP-OD2	B-116-GLN-OE1	3.79	6	0.41
A-103-ASP-OD2	B-116-GLN-NE2	2.87	6	0.24
A-104-PRO-N	B-97-LYS-N	4.36	4	0.11
A-104-PRO-N	B-97-LYS-CB	4.25	5	0.14
A-104-PRO-CD	B-97-LYS-N	4.19	3	0.3
A-104-PRO-CD	B-97-LYS-CA	4.31	1	0.0
A-104-PRO-CD	B-97-LYS-CB	3.97	6	0.24
A-106-TRP-CZ3	B-94-LYS-CE	4.27	1	0.0
A-106-TRP-CZ3	B-94-LYS-NZ	3.94	2	0.4
A-106-TRP-CH2	B-94-LYS-NZ	3.57	3	0.31
A-106-TRP-CE2	B-96-GLU-OE1	4.3	1	0.0
A-106-TRP-CZ2	B-96-GLU-CG	3.72	1	0.0
A-106-TRP-CZ2	B-96-GLU-CD	3.87	1	0.0
A-106-TRP-CZ2	B-96-GLU-OE1	3.13	1	0.0
A-106-TRP-CH2	B-96-GLU-CG	4.35	1	0.0
A-106-TRP-CH2	B-96-GLU-CD	4.39	1	0.0
A-106-TRP-CH2	B-96-GLU-OE1	3.56	1	0.0
A-32-SER-CB	B-84-SER-C	4.28	7	0.1
A-33-GLY-CA	B-98-ARG-NH1	3.99	6	0.32
A-55-TRP-CZ2	B-83-GLU-CG	3.8	8	0.17
A-55-TRP-CZ2	B-83-GLU-OE2	3.86	8	0.25
A-55-TRP-CZ3	B-83-GLU-OE2	4.38	8	0.08
A-55-TRP-CH2	B-83-GLU-CG	4.16	8	0.13
A-55-TRP-CZ3	B-98-ARG-CZ	4.22	8	0.16
A-55-TRP-CH2	B-98-ARG-CZ	4.29	8	0.23
A-56-ASP-OD1	B-81-GLN-OE1	4.42	1	0.0
A-58-ASP-CG	B-72-VAL-CG2	3.92	6	0.31
A-58-ASP-OD2	B-72-VAL-CB	3.85	3	0.17
A-58-ASP-OD2	B-72-VAL-CG1	3.56	4	0.53
A-58-ASP-OD2	B-72-VAL-CG2	3.36	4	0.16
A-58-ASP-OD2	B-72-VAL-C	4.32	3	0.18
A-58-ASP-OD2	B-73-LEU-N	3.96	4	0.31
A-58-ASP-OD2	B-73-LEU-CA	4.1	3	0.18
A-58-ASP-CG	B-74-LYS-CB	4.25	1	0.0
A-58-ASP-CG	B-74-LYS-CG	4.42	3	0.08
A-58-ASP-CG	B-74-LYS-CE	4.19	3	0.07
A-58-ASP-OD1	B-74-LYS-CB	4.01	4	0.32
A-58-ASP-OD1	B-74-LYS-CG	4.23	4	0.19
A-58-ASP-OD1	B-74-LYS-CE	4.06	4	0.21
A-59-GLU-O	B-76-ASP-OD2	4.31	2	0.17
A-101-ARG-CZ	B-86-ASP-OD1	3.41	5	0.22
A-101-ARG-NH1	B-86-ASP-CG	3.94	5	0.44
A-101-ARG-NH1	B-86-ASP-OD1	3.14	5	0.37
A-101-ARG-NH2	B-86-ASP-CB	3.65	5	0.21
A-101-ARG-NH2	B-86-ASP-CG	3.64	5	0.21
A-101-ARG-NH2	B-86-ASP-OD1	2.82	5	0.22
A-102-TYR-OH	B-86-ASP-CB	3.76	5	0.3
A-102-TYR-OH	B-86-ASP-CG	4.4	1	0.0
A-102-TYR-OH	B-86-ASP-OD1	4.32	1	0.0
A-102-TYR-OH	B-89-ASN-CB	3.52	2	0.39
A-102-TYR-OH	B-89-ASN-CG	3.99	3	0.46
A-102-TYR-CD2	B-90-TYR-OH	3.59	8	0.37
A-102-TYR-CE2	B-90-TYR-CE1	3.91	5	0.08
A-102-TYR-CE2	B-90-TYR-CZ	4.14	8	0.15
A-102-TYR-CE2	B-90-TYR-OH	3.21	8	0.09
A-102-TYR-CZ	B-90-TYR-CE1	3.84	6	0.33
A-102-TYR-CZ	B-90-TYR-CZ	4.2	6	0.13
A-102-TYR-OH	B-90-TYR-CD1	4.39	3	0.07
A-102-TYR-OH	B-90-TYR-CE1	3.78	8	0.26
A-102-TYR-OH	B-90-TYR-CZ	4.04	5	0.31
A-102-TYR-OH	B-90-TYR-OH	3.83	6	0.55
A-102-TYR-CA	B-96-GLU-CG	4.06	5	0.2
A-102-TYR-CB	B-96-GLU-CD	4.06	8	0.23
A-102-TYR-CB	B-96-GLU-OE1	3.59	8	0.55
A-102-TYR-CG	B-96-GLU-CD	3.88	7	0.27
A-102-TYR-CG	B-96-GLU-OE1	3.55	8	0.24
A-102-TYR-CD1	B-96-GLU-CD	4.05	4	0.29
A-102-TYR-CD1	B-96-GLU-OE1	3.49	5	0.15
A-102-TYR-CD2	B-96-GLU-CG	3.82	6	0.32
A-102-TYR-CD2	B-96-GLU-CD	3.85	8	0.29
A-102-TYR-CD2	B-96-GLU-OE1	3.8	8	0.28
A-102-TYR-CD2	B-96-GLU-OE2	4.19	6	0.22
A-102-TYR-CE1	B-96-GLU-OE1	3.82	5	0.36
A-102-TYR-CE2	B-96-GLU-CD	4.02	5	0.29
A-102-TYR-CE2	B-96-GLU-OE1	4.03	5	0.27
A-102-TYR-CE2	B-96-GLU-OE2	3.96	3	0.39
A-102-TYR-C	B-96-GLU-CG	4.14	4	0.21
A-102-TYR-O	B-98-ARG-CZ	4.21	3	0.07
A-103-ASP-N	B-96-GLU-CD	3.92	5	0.38
A-103-ASP-N	B-96-GLU-OE1	3.46	5	0.84
A-103-ASP-CA	B-96-GLU-CB	4.2	3	0.09
A-103-ASP-CA	B-96-GLU-CG	4.13	6	0.18
A-103-ASP-CB	B-96-GLU-CB	3.88	5	0.23
A-103-ASP-CB	B-96-GLU-CG	3.84	6	0.32
A-103-ASP-C	B-96-GLU-CA	4.15	3	0.03
A-103-ASP-C	B-96-GLU-C	4.44	1	0.0
A-103-ASP-O	B-96-GLU-N	4.08	3	0.37
A-103-ASP-O	B-96-GLU-CD	4.01	4	0.43
A-103-ASP-O	B-96-GLU-OE1	3.38	4	0.6
A-103-ASP-CB	B-97-LYS-N	4.21	3	0.23
A-103-ASP-OD2	B-97-LYS-CB	3.79	6	0.45
A-103-ASP-CG	B-98-ARG-CB	4.16	3	0.1
A-103-ASP-OD1	B-98-ARG-CB	4.44	2	0.03
A-103-ASP-OD1	B-98-ARG-CD	4.4	2	0.03
A-103-ASP-OD2	B-98-ARG-N	3.81	4	0.65
A-54-TRP-CD1	B-72-VAL-CG2	4.01	3	0.2
A-54-TRP-NE1	B-72-VAL-CG2	3.65	3	0.44
A-54-TRP-CZ2	B-98-ARG-CZ	4.36	2	0.0
A-55-TRP-CZ3	B-83-GLU-CD	4.45	1	0.0
A-56-ASP-OD2	B-81-GLN-NE2	3.43	4	0.5
A-58-ASP-CB	B-72-VAL-CG2	3.88	5	0.36
A-58-ASP-CG	B-72-VAL-CG1	4.18	2	0.1
A-58-ASP-OD2	B-72-VAL-CA	4.47	1	0.0
A-58-ASP-CG	B-73-LEU-N	4.36	4	0.12
A-58-ASP-N	B-74-LYS-NZ	4.17	2	0.04
A-58-ASP-CA	B-74-LYS-NZ	4.41	2	0.08
A-58-ASP-CG	B-74-LYS-CD	4.39	1	0.0
A-58-ASP-OD1	B-74-LYS-CD	3.98	3	0.11
A-59-GLU-O	B-76-ASP-OD1	4.1	2	0.28
A-101-ARG-CZ	B-86-ASP-CG	4.13	4	0.22
A-101-ARG-NH1	B-89-ASN-CG	4.14	5	0.29
A-101-ARG-NH1	B-89-ASN-ND2	3.65	4	0.29
A-102-TYR-CZ	B-89-ASN-CB	4.39	1	0.0
A-102-TYR-OH	B-89-ASN-OD1	3.62	2	0.05
A-102-TYR-OH	B-89-ASN-ND2	3.99	1	0.0
A-102-TYR-CG	B-92-LYS-NZ	4.24	3	0.23
A-102-TYR-CD1	B-92-LYS-NZ	4.17	4	0.04
A-102-TYR-CD2	B-92-LYS-NZ	4.19	1	0.0
A-102-TYR-CE1	B-92-LYS-NZ	3.47	3	0.24
A-102-TYR-CE2	B-92-LYS-NZ	4.03	3	0.22
A-102-TYR-CZ	B-92-LYS-NZ	3.39	3	0.25
A-102-TYR-OH	B-92-LYS-NZ	3.42	3	0.51
A-102-TYR-CA	B-96-GLU-CD	4.42	3	0.04
A-102-TYR-CA	B-96-GLU-OE1	3.87	4	0.29
A-102-TYR-CZ	B-96-GLU-OE1	3.95	4	0.3
A-103-ASP-CB	B-96-GLU-CA	4.14	3	0.23
A-103-ASP-CB	B-96-GLU-C	4.45	1	0.0
A-103-ASP-CA	B-97-LYS-N	4.48	1	0.0
A-103-ASP-OD2	B-97-LYS-N	3.27	4	0.54
A-103-ASP-OD2	B-97-LYS-CA	3.99	5	0.35
A-103-ASP-OD2	B-97-LYS-C	4.06	3	0.42
A-103-ASP-CG	B-98-ARG-N	4.02	2	0.19
A-103-ASP-OD2	B-98-ARG-CB	3.97	2	0.43
A-103-ASP-OD2	B-98-ARG-NE	4.4	2	0.07
A-104-PRO-CD	B-97-LYS-CG	4.28	2	0.16
A-104-PRO-CD	B-97-LYS-CD	4.14	2	0.33
A-106-TRP-CZ2	B-94-LYS-CE	4.31	2	0.03
A-106-TRP-CZ2	B-94-LYS-NZ	3.56	2	0.16
A-106-TRP-CH2	B-94-LYS-CE	4.17	1	0.0
A-32-SER-CB	B-83-GLU-CG	4.06	2	0.1
A-32-SER-CB	B-84-SER-N	4.2	3	0.03
A-33-GLY-N	B-83-GLU-OE2	4.27	1	0.0
A-33-GLY-N	B-98-ARG-NH1	4.31	2	0.11
A-33-GLY-CA	B-98-ARG-CZ	4.47	1	0.0
A-33-GLY-C	B-98-ARG-NH1	4.38	1	0.0
A-33-GLY-O	B-98-ARG-NH1	4.36	1	0.0
A-33-GLY-O	B-98-ARG-NH2	4.36	2	0.07
A-55-TRP-CE3	B-98-ARG-NH1	4.36	1	0.0
A-55-TRP-CZ2	B-98-ARG-NH1	4.47	6	0.03
A-55-TRP-CZ3	B-98-ARG-NH2	4.33	4	0.12
A-58-ASP-OD1	B-75-ASP-OD1	4.36	1	0.0
A-102-TYR-CE1	B-96-GLU-CD	4.13	3	0.33
A-102-TYR-CE2	B-96-GLU-CG	4.15	2	0.23
A-102-TYR-CZ	B-96-GLU-CD	4.08	3	0.32
A-102-TYR-N	B-98-ARG-NH2	4.4	2	0.0
A-102-TYR-CA	B-98-ARG-NH2	4.08	4	0.32
A-103-ASP-OD2	B-97-LYS-CG	4.38	2	0.06
A-103-ASP-OD2	B-97-LYS-CD	4.26	1	0.0
A-103-ASP-OD2	B-97-LYS-NZ	3.79	1	0.0
A-103-ASP-OD1	B-116-GLN-CD	4.06	2	0.05
A-103-ASP-OD1	B-116-GLN-OE1	4.42	1	0.0
A-32-SER-OG	B-85-VAL-CA	4.16	1	0.0
A-33-GLY-CA	B-98-ARG-NH2	3.81	1	0.0
A-54-TRP-CE2	B-72-VAL-CG2	4.25	2	0.24
A-54-TRP-CH2	B-98-ARG-NE	4.44	1	0.0
A-55-TRP-CZ2	B-84-SER-O	4.46	1	0.0
A-56-ASP-OD1	B-81-GLN-NE2	4.45	1	0.0
A-57-GLY-O	B-74-LYS-CD	4.24	1	0.0
A-57-GLY-O	B-74-LYS-CE	4.17	1	0.0
A-58-ASP-CG	B-72-VAL-CB	4.37	1	0.0
A-58-ASP-OD1	B-72-VAL-CB	4.19	2	0.01
A-58-ASP-OD1	B-72-VAL-CG1	3.55	1	0.0
A-58-ASP-OD1	B-72-VAL-CG2	3.46	4	0.16
A-58-ASP-OD1	B-73-LEU-N	3.44	4	0.35
A-58-ASP-OD1	B-73-LEU-CA	3.98	4	0.17
A-58-ASP-CA	B-74-LYS-CD	4.09	1	0.0
A-58-ASP-CA	B-74-LYS-CE	4.27	1	0.0
A-58-ASP-C	B-74-LYS-CD	4.48	1	0.0
A-58-ASP-C	B-74-LYS-CE	4.12	1	0.0
A-59-GLU-C	B-73-LEU-O	3.83	1	0.0
A-59-GLU-O	B-73-LEU-C	4.04	1	0.0
A-59-GLU-O	B-73-LEU-O	3.01	1	0.0
A-59-GLU-N	B-74-LYS-CA	4.42	1	0.0
A-59-GLU-N	B-74-LYS-CD	3.98	1	0.0
A-59-GLU-N	B-74-LYS-CE	3.36	1	0.0
A-59-GLU-CA	B-74-LYS-CE	3.93	1	0.0
A-59-GLU-CB	B-74-LYS-CE	3.38	1	0.0
A-59-GLU-CB	B-74-LYS-NZ	3.94	1	0.0
A-59-GLU-CG	B-74-LYS-CE	3.6	1	0.0
A-59-GLU-CG	B-74-LYS-NZ	3.86	1	0.0
A-59-GLU-CD	B-74-LYS-CE	3.88	1	0.0
A-59-GLU-CD	B-74-LYS-NZ	3.54	1	0.0
A-59-GLU-OE2	B-74-LYS-CE	3.31	1	0.0
A-59-GLU-OE2	B-74-LYS-NZ	2.59	1	0.0
A-59-GLU-O	B-74-LYS-N	4.5	1	0.0
A-59-GLU-O	B-74-LYS-CA	4.04	1	0.0
A-59-GLU-O	B-74-LYS-CE	4.35	1	0.0
A-59-GLU-O	B-74-LYS-C	4.03	1	0.0
A-59-GLU-CB	B-75-ASP-N	4.41	1	0.0
A-59-GLU-OE2	B-75-ASP-OD2	4.28	1	0.0
A-59-GLU-C	B-75-ASP-N	4.27	1	0.0
A-59-GLU-O	B-75-ASP-N	3.19	1	0.0
A-59-GLU-O	B-75-ASP-CA	3.92	1	0.0
A-59-GLU-O	B-75-ASP-C	4.35	1	0.0
A-59-GLU-O	B-76-ASP-N	3.75	1	0.0
A-60-SER-N	B-73-LEU-O	4.27	1	0.0
A-60-SER-CA	B-73-LEU-O	4.02	1	0.0
A-60-SER-CB	B-73-LEU-CB	4.41	1	0.0
A-60-SER-CB	B-73-LEU-O	4.48	1	0.0
A-60-SER-CA	B-76-ASP-OD1	3.85	1	0.0
A-60-SER-C	B-76-ASP-OD1	3.69	1	0.0
A-61-TYR-N	B-76-ASP-CG	3.72	1	0.0
A-61-TYR-N	B-76-ASP-OD1	2.68	1	0.0
A-61-TYR-N	B-76-ASP-OD2	4.16	2	0.12
A-61-TYR-CA	B-76-ASP-CG	4.12	1	0.0
A-61-TYR-CA	B-76-ASP-OD1	3.41	1	0.0
A-61-TYR-CA	B-76-ASP-OD2	3.98	1	0.0
A-61-TYR-CB	B-76-ASP-CG	3.99	1	0.0
A-61-TYR-CB	B-76-ASP-OD1	3.56	1	0.0
A-61-TYR-CB	B-76-ASP-OD2	3.59	1	0.0
A-61-TYR-CG	B-76-ASP-OD1	4.33	1	0.0
A-61-TYR-CD1	B-76-ASP-OD1	4.14	1	0.0
A-61-TYR-C	B-76-ASP-CG	4.06	1	0.0
A-61-TYR-C	B-76-ASP-OD1	3.66	1	0.0
A-61-TYR-C	B-76-ASP-OD2	3.74	1	0.0
A-61-TYR-O	B-76-ASP-CG	3.84	1	0.0
A-61-TYR-O	B-76-ASP-OD1	3.44	1	0.0
A-61-TYR-O	B-76-ASP-OD2	3.75	1	0.0
A-62-ASN-N	B-76-ASP-OD2	4.24	1	0.0
A-102-TYR-CZ	B-92-LYS-CE	4.4	1	0.0
A-102-TYR-OH	B-92-LYS-CD	3.99	1	0.0
A-102-TYR-OH	B-92-LYS-CE	4.03	2	0.12
A-102-TYR-CZ	B-96-GLU-OE2	4.03	2	0.42
A-102-TYR-OH	B-96-GLU-OE1	4.37	2	0.06
A-102-TYR-CD2	B-98-ARG-NH2	4.19	1	0.0
A-103-ASP-OD2	B-96-GLU-CB	3.89	3	0.23
A-103-ASP-OD2	B-96-GLU-C	3.64	3	0.26
A-103-ASP-CG	B-97-LYS-N	4.11	3	0.13
A-103-ASP-CG	B-97-LYS-CB	4.34	1	0.0
A-103-ASP-CG	B-98-ARG-CG	4.09	1	0.0
A-103-ASP-CG	B-98-ARG-CD	4.24	1	0.0
A-103-ASP-OD2	B-98-ARG-CA	3.65	1	0.0
A-103-ASP-OD2	B-98-ARG-CG	3.78	1	0.0
A-103-ASP-OD2	B-98-ARG-CD	4.38	1	0.0
A-104-PRO-CA	B-116-GLN-NE2	4.47	1	0.0
A-32-SER-OG	B-84-SER-OG	4.5	1	0.0
A-32-SER-O	B-84-SER-O	4.27	3	0.07
A-56-ASP-OD2	B-72-VAL-CG1	3.95	3	0.21
A-56-ASP-CB	B-74-LYS-NZ	4.17	1	0.0
A-56-ASP-CG	B-81-GLN-NE2	4.3	3	0.12
A-56-ASP-OD2	B-81-GLN-CD	4.02	3	0.14
A-56-ASP-OD2	B-81-GLN-OE1	4.04	3	0.3
A-58-ASP-OD1	B-73-LEU-CB	3.42	3	0.09
A-58-ASP-OD1	B-73-LEU-CG	3.98	3	0.2
A-58-ASP-OD1	B-73-LEU-CD1	4.12	3	0.21
A-101-ARG-NE	B-86-ASP-OD1	4.48	1	0.0
A-101-ARG-CZ	B-86-ASP-CB	4.05	3	0.14
A-101-ARG-NH1	B-86-ASP-CB	3.96	3	0.2
A-101-ARG-NH1	B-86-ASP-OD2	4.39	2	0.01
A-101-ARG-NH2	B-86-ASP-CA	4.19	2	0.02
A-102-TYR-CE1	B-86-ASP-CB	4.01	3	0.08
A-102-TYR-CZ	B-86-ASP-N	4.01	3	0.08
A-102-TYR-CZ	B-86-ASP-CB	4.22	3	0.11
A-102-TYR-OH	B-86-ASP-N	3.0	3	0.05
A-102-TYR-OH	B-86-ASP-CA	3.77	3	0.1
A-102-TYR-CB	B-90-TYR-OH	4.26	2	0.13
A-102-TYR-CG	B-90-TYR-OH	3.62	3	0.11
A-102-TYR-CD1	B-90-TYR-CE1	4.05	3	0.06
A-102-TYR-CD2	B-90-TYR-CE1	4.32	3	0.08
A-102-TYR-CD2	B-90-TYR-CZ	4.21	3	0.04
A-102-TYR-CE1	B-90-TYR-CE1	3.62	3	0.07
A-102-TYR-CE1	B-90-TYR-CZ	4.38	3	0.05
A-102-TYR-CB	B-92-LYS-NZ	4.03	3	0.24
A-102-TYR-CB	B-96-GLU-OE2	4.49	1	0.0
A-102-TYR-C	B-96-GLU-OE1	3.7	3	0.04
A-102-TYR-CD2	B-98-ARG-NH1	4.38	1	0.0
A-103-ASP-O	B-92-LYS-NZ	3.6	3	0.58
A-103-ASP-CA	B-94-LYS-NZ	4.26	2	0.03
A-103-ASP-CB	B-94-LYS-NZ	4.06	2	0.1
A-103-ASP-CG	B-94-LYS-CE	4.39	1	0.0
A-103-ASP-CG	B-94-LYS-NZ	3.29	2	0.29
A-103-ASP-OD1	B-94-LYS-CE	3.88	1	0.0
A-103-ASP-OD1	B-94-LYS-NZ	2.66	1	0.0
A-103-ASP-OD2	B-94-LYS-NZ	2.83	2	0.22
A-103-ASP-C	B-94-LYS-CE	4.01	2	0.08
A-103-ASP-C	B-94-LYS-NZ	3.28	2	0.01
A-103-ASP-O	B-94-LYS-CE	3.43	2	0.15
A-103-ASP-O	B-94-LYS-NZ	2.78	2	0.02
A-103-ASP-OD2	B-95-MET-C	4.28	1	0.0
A-103-ASP-OD2	B-95-MET-O	3.9	1	0.0
A-103-ASP-CA	B-96-GLU-CD	4.31	3	0.13
A-103-ASP-CA	B-96-GLU-OE1	3.6	3	0.02
A-103-ASP-CB	B-96-GLU-CD	4.22	3	0.18
A-103-ASP-CB	B-96-GLU-OE1	3.91	3	0.16
A-103-ASP-CG	B-96-GLU-CA	4.02	2	0.02
A-103-ASP-CG	B-96-GLU-CG	4.33	2	0.02
A-103-ASP-CG	B-96-GLU-OE1	4.29	1	0.0
A-103-ASP-OD2	B-96-GLU-N	3.92	1	0.0
A-103-ASP-OD2	B-96-GLU-CA	3.1	2	0.18
A-103-ASP-OD2	B-96-GLU-CG	4.04	2	0.28
A-103-ASP-OD2	B-96-GLU-CD	4.23	1	0.0
A-103-ASP-OD2	B-96-GLU-OE1	4.17	1	0.0
A-103-ASP-C	B-96-GLU-OE1	3.73	3	0.1
A-104-PRO-N	B-94-LYS-CE	4.03	2	0.04
A-104-PRO-N	B-94-LYS-NZ	3.62	2	0.01
A-104-PRO-CD	B-94-LYS-CD	4.0	2	0.33
A-104-PRO-CD	B-94-LYS-CE	3.47	2	0.05
A-104-PRO-CD	B-94-LYS-NZ	3.63	2	0.03
A-54-TRP-CZ2	B-72-VAL-CG2	4.34	1	0.0
A-59-GLU-O	B-76-ASP-CG	4.49	1	0.0
A-60-SER-CA	B-76-ASP-OD2	4.46	1	0.0
A-101-ARG-CZ	B-89-ASN-OD1	4.4	1	0.0
A-101-ARG-NH1	B-89-ASN-OD1	3.86	2	0.09
A-101-ARG-NH2	B-89-ASN-CG	4.19	1	0.0
A-101-ARG-NH2	B-89-ASN-OD1	4.08	1	0.0
A-101-ARG-NH2	B-89-ASN-ND2	4.28	1	0.0
A-102-TYR-CG	B-96-GLU-OE2	4.25	1	0.0
A-102-TYR-CD1	B-96-GLU-OE2	4.33	1	0.0
A-102-TYR-CE1	B-96-GLU-CG	4.35	1	0.0
A-102-TYR-CE1	B-96-GLU-OE2	4.04	1	0.0
A-102-TYR-CZ	B-96-GLU-CG	4.38	1	0.0
A-102-TYR-OH	B-96-GLU-CD	4.38	1	0.0
A-102-TYR-OH	B-96-GLU-OE2	4.01	1	0.0
A-103-ASP-C	B-116-GLN-OE1	4.43	1	0.0
A-103-ASP-O	B-116-GLN-OE1	4.46	1	0.0
A-104-PRO-CD	B-97-LYS-CE	4.18	1	0.0
A-32-SER-OG	B-83-GLU-CA	4.16	1	0.0
A-32-SER-OG	B-83-GLU-CB	4.03	1	0.0
A-32-SER-OG	B-83-GLU-CD	4.43	1	0.0
A-32-SER-OG	B-83-GLU-C	4.15	1	0.0
A-32-SER-CB	B-84-SER-CA	4.49	1	0.0
A-32-SER-CB	B-84-SER-CB	4.33	1	0.0
A-55-TRP-CH2	B-98-ARG-NE	4.41	1	0.0
A-56-ASP-CG	B-72-VAL-CB	4.48	1	0.0
A-56-ASP-CG	B-72-VAL-CG1	4.1	1	0.0
A-56-ASP-CG	B-72-VAL-CG2	3.9	2	0.04
A-56-ASP-OD1	B-72-VAL-CG1	4.46	1	0.0
A-56-ASP-OD1	B-72-VAL-CG2	3.75	2	0.13
A-56-ASP-OD2	B-72-VAL-CB	3.98	2	0.11
A-56-ASP-OD2	B-72-VAL-CG2	3.48	2	0.0
A-57-GLY-C	B-73-LEU-O	3.84	1	0.0
A-57-GLY-O	B-73-LEU-O	3.45	1	0.0
A-58-ASP-OD1	B-72-VAL-CA	4.2	2	0.28
A-58-ASP-OD1	B-72-VAL-C	4.13	2	0.21
A-58-ASP-N	B-73-LEU-O	4.15	1	0.0
A-58-ASP-CA	B-73-LEU-O	4.13	1	0.0
A-58-ASP-CG	B-73-LEU-CB	4.35	2	0.06
A-101-ARG-NH2	B-86-ASP-N	4.47	1	0.0
A-102-TYR-CE1	B-89-ASN-CB	4.08	1	0.0
A-102-TYR-CE1	B-89-ASN-CG	4.43	1	0.0
A-102-TYR-CG	B-90-TYR-CE1	4.34	2	0.07
A-102-TYR-CE1	B-90-TYR-CD1	4.39	1	0.0
A-102-TYR-CZ	B-90-TYR-CD1	4.39	1	0.0
A-102-TYR-C	B-96-GLU-CD	4.48	1	0.0
A-103-ASP-OD2	B-94-LYS-CD	4.2	1	0.0
A-103-ASP-OD2	B-94-LYS-CE	3.71	1	0.0
A-103-ASP-O	B-94-LYS-O	4.15	2	0.31
A-58-ASP-N	B-72-VAL-CG2	4.48	1	0.0
A-58-ASP-CA	B-72-VAL-CG2	4.43	1	0.0
A-58-ASP-OD1	B-117-PHE-CZ	4.32	1	0.0
A-101-ARG-CZ	B-89-ASN-ND2	4.41	1	0.0
A-101-ARG-NH1	B-89-ASN-CB	4.36	1	0.0
A-102-TYR-CZ	B-85-VAL-CA	4.47	1	0.0
A-102-TYR-CE1	B-86-ASP-N	4.45	1	0.0
A-102-TYR-CG	B-90-TYR-CZ	4.35	1	0.0
A-102-TYR-CD1	B-90-TYR-CZ	4.48	1	0.0
A-103-ASP-N	B-92-LYS-NZ	4.31	1	0.0
A-103-ASP-C	B-92-LYS-NZ	3.9	1	0.0
A-103-ASP-O	B-92-LYS-CE	4.17	1	0.0
A-103-ASP-O	B-95-MET-C	3.83	1	0.0
A-103-ASP-O	B-95-MET-O	4.03	1	0.0
A-103-ASP-CG	B-96-GLU-CB	4.31	1	0.0
A-103-ASP-C	B-96-GLU-N	4.47	1	0.0
A-103-ASP-C	B-96-GLU-CD	4.12	1	0.0
A-103-ASP-O	B-96-GLU-OE2	4.02	1	0.0
A-104-PRO-CG	B-94-LYS-CG	4.24	1	0.0
A-104-PRO-CG	B-94-LYS-CD	3.52	1	0.0
A-104-PRO-CD	B-94-LYS-CG	3.87	1	0.0
A-104-PRO-CD	B-94-LYS-O	4.13	1	0.0
A-106-TRP-CZ2	B-94-LYS-CD	3.98	1	0.0