{
    "input": [
        {
            "clt_id": 1,
            "clt_model_rank": 1,
            "clt_rank": 1,
            "created": "2024-10-02 13:49:46",
            "file_name": "cluster_1_model_1.pdb",
            "file_type": {
                "py/reduce": [
                    {
                        "py/type": "haddock.libs.libontology.Format"
                    },
                    {
                        "py/tuple": [
                            "pdb"
                        ]
                    }
                ]
            },
            "full_name": "cluster_1_model_1.pdb",
            "len": NaN,
            "md5": null,
            "ori_name": "emref_28.pdb",
            "path": "/jobs/5/output/08_seletopclusts",
            "py/object": "haddock.libs.libontology.PDBFile",
            "rel_path": {
                "py/reduce": [
                    {
                        "py/type": "pathlib.PosixPath"
                    },
                    {
                        "py/tuple": [
                            "..",
                            "08_seletopclusts",
                            "cluster_1_model_1.pdb"
                        ]
                    }
                ]
            },
            "restr_fname": {
                "py/reduce": [
                    {
                        "py/type": "pathlib.PosixPath"
                    },
                    {
                        "py/tuple": [
                            "..",
                            "data",
                            "06_emref",
                            "ambig.tbl"
                        ]
                    }
                ]
            },
            "score": -94.630343,
            "seed": 997,
            "topology": [
                {
                    "created": "2024-10-02 13:38:02",
                    "file_name": "processed-H2A--4G6K_haddock.psf",
                    "file_type": {
                        "py/reduce": [
                            {
                                "py/type": "haddock.libs.libontology.Format"
                            },
                            {
                                "py/tuple": [
                                    "psf"
                                ]
                            }
                        ]
                    },
                    "full_name": "processed-H2A--4G6K_haddock.psf",
                    "md5": null,
                    "path": "/jobs/5/output/00_topoaa",
                    "py/object": "haddock.libs.libontology.TopologyFile",
                    "rel_path": {
                        "py/reduce": [
                            {
                                "py/type": "pathlib.PosixPath"
                            },
                            {
                                "py/tuple": [
                                    "..",
                                    "00_topoaa",
                                    "processed-H2A--4G6K_haddock.psf"
                                ]
                            }
                        ]
                    },
                    "restr_fname": null
                },
                {
                    "created": "2024-10-02 13:38:02",
                    "file_name": "processed-A2B--4I1B_haddock.psf",
                    "file_type": {
                        "py/id": 8
                    },
                    "full_name": "processed-A2B--4I1B_haddock.psf",
                    "md5": null,
                    "path": "/jobs/5/output/00_topoaa",
                    "py/object": "haddock.libs.libontology.TopologyFile",
                    "rel_path": {
                        "py/reduce": [
                            {
                                "py/type": "pathlib.PosixPath"
                            },
                            {
                                "py/tuple": [
                                    "..",
                                    "00_topoaa",
                                    "processed-A2B--4I1B_haddock.psf"
                                ]
                            }
                        ]
                    },
                    "restr_fname": null
                }
            ],
            "unw_energies": {
                "air": 30.5535,
                "angles": 0.0,
                "bonds": 0.0,
                "bsa": 1160.3,
                "cdih": 0.0,
                "coup": 0.0,
                "dani": 0.0,
                "desolv": 0.252407,
                "dihe": 0.0,
                "elec": -329.213,
                "improper": 0.0,
                "rdcs": 0.0,
                "rg": 0.0,
                "sym": 0.0,
                "total": -330.755,
                "vdw": -32.0955,
                "vean": 0.0,
                "xpcs": 0.0
            }
        },
        {
            "clt_id": 3,
            "clt_model_rank": 1,
            "clt_rank": 2,
            "created": "2024-10-02 13:49:46",
            "file_name": "cluster_2_model_1.pdb",
            "file_type": {
                "py/id": 3
            },
            "full_name": "cluster_2_model_1.pdb",
            "len": NaN,
            "md5": null,
            "ori_name": "emref_9.pdb",
            "path": "/jobs/5/output/08_seletopclusts",
            "py/object": "haddock.libs.libontology.PDBFile",
            "rel_path": {
                "py/reduce": [
                    {
                        "py/type": "pathlib.PosixPath"
                    },
                    {
                        "py/tuple": [
                            "..",
                            "08_seletopclusts",
                            "cluster_2_model_1.pdb"
                        ]
                    }
                ]
            },
            "restr_fname": {
                "py/id": 5
            },
            "score": -89.80775999999999,
            "seed": 996,
            "topology": [
                {
                    "py/id": 7
                },
                {
                    "py/id": 10
                }
            ],
            "unw_energies": {
                "air": 10.7904,
                "angles": 0.0,
                "bonds": 0.0,
                "bsa": 1096.04,
                "cdih": 0.0,
                "coup": 0.0,
                "dani": 0.0,
                "desolv": 6.3922,
                "dihe": 0.0,
                "elec": -336.76,
                "improper": 0.0,
                "rdcs": 0.0,
                "rg": 0.0,
                "sym": 0.0,
                "total": -355.897,
                "vdw": -29.927,
                "vean": 0.0,
                "xpcs": 0.0
            }
        },
        {
            "clt_id": 1,
            "clt_model_rank": 2,
            "clt_rank": 1,
            "created": "2024-10-02 13:49:46",
            "file_name": "cluster_1_model_2.pdb",
            "file_type": {
                "py/id": 3
            },
            "full_name": "cluster_1_model_2.pdb",
            "len": NaN,
            "md5": null,
            "ori_name": "emref_4.pdb",
            "path": "/jobs/5/output/08_seletopclusts",
            "py/object": "haddock.libs.libontology.PDBFile",
            "rel_path": {
                "py/reduce": [
                    {
                        "py/type": "pathlib.PosixPath"
                    },
                    {
                        "py/tuple": [
                            "..",
                            "08_seletopclusts",
                            "cluster_1_model_2.pdb"
                        ]
                    }
                ]
            },
            "restr_fname": {
                "py/id": 5
            },
            "score": -86.36433,
            "seed": 1079,
            "topology": [
                {
                    "py/id": 7
                },
                {
                    "py/id": 10
                }
            ],
            "unw_energies": {
                "air": 44.0381,
                "angles": 0.0,
                "bonds": 0.0,
                "bsa": 1067.97,
                "cdih": 0.0,
                "coup": 0.0,
                "dani": 0.0,
                "desolv": -1.57694,
                "dihe": 0.0,
                "elec": -210.566,
                "improper": 0.0,
                "rdcs": 0.0,
                "rg": 0.0,
                "sym": 0.0,
                "total": -213.606,
                "vdw": -47.078,
                "vean": 0.0,
                "xpcs": 0.0
            }
        },
        {
            "clt_id": 3,
            "clt_model_rank": 2,
            "clt_rank": 2,
            "created": "2024-10-02 13:49:46",
            "file_name": "cluster_2_model_2.pdb",
            "file_type": {
                "py/id": 3
            },
            "full_name": "cluster_2_model_2.pdb",
            "len": NaN,
            "md5": null,
            "ori_name": "emref_10.pdb",
            "path": "/jobs/5/output/08_seletopclusts",
            "py/object": "haddock.libs.libontology.PDBFile",
            "rel_path": {
                "py/reduce": [
                    {
                        "py/type": "pathlib.PosixPath"
                    },
                    {
                        "py/tuple": [
                            "..",
                            "08_seletopclusts",
                            "cluster_2_model_2.pdb"
                        ]
                    }
                ]
            },
            "restr_fname": {
                "py/id": 5
            },
            "score": -83.72783000000001,
            "seed": 1110,
            "topology": [
                {
                    "py/id": 7
                },
                {
                    "py/id": 10
                }
            ],
            "unw_energies": {
                "air": 73.0193,
                "angles": 0.0,
                "bonds": 0.0,
                "bsa": 1089.39,
                "cdih": 0.0,
                "coup": 0.0,
                "dani": 0.0,
                "desolv": 1.57064,
                "dihe": 0.0,
                "elec": -232.741,
                "improper": 0.0,
                "rdcs": 0.0,
                "rg": 0.0,
                "sym": 0.0,
                "total": -205.774,
                "vdw": -46.0522,
                "vean": 0.0,
                "xpcs": 0.0
            }
        },
        {
            "clt_id": 3,
            "clt_model_rank": 3,
            "clt_rank": 2,
            "created": "2024-10-02 13:49:46",
            "file_name": "cluster_2_model_3.pdb",
            "file_type": {
                "py/id": 3
            },
            "full_name": "cluster_2_model_3.pdb",
            "len": NaN,
            "md5": null,
            "ori_name": "emref_5.pdb",
            "path": "/jobs/5/output/08_seletopclusts",
            "py/object": "haddock.libs.libontology.PDBFile",
            "rel_path": {
                "py/reduce": [
                    {
                        "py/type": "pathlib.PosixPath"
                    },
                    {
                        "py/tuple": [
                            "..",
                            "08_seletopclusts",
                            "cluster_2_model_3.pdb"
                        ]
                    }
                ]
            },
            "restr_fname": {
                "py/id": 5
            },
            "score": -82.99861900000002,
            "seed": 967,
            "topology": [
                {
                    "py/id": 7
                },
                {
                    "py/id": 10
                }
            ],
            "unw_energies": {
                "air": 43.4446,
                "angles": 0.0,
                "bonds": 0.0,
                "bsa": 1056.94,
                "cdih": 0.0,
                "coup": 0.0,
                "dani": 0.0,
                "desolv": -0.330779,
                "dihe": 0.0,
                "elec": -222.103,
                "improper": 0.0,
                "rdcs": 0.0,
                "rg": 0.0,
                "sym": 0.0,
                "total": -221.25,
                "vdw": -42.5917,
                "vean": 0.0,
                "xpcs": 0.0
            }
        },
        {
            "clt_id": 1,
            "clt_model_rank": 3,
            "clt_rank": 1,
            "created": "2024-10-02 13:49:46",
            "file_name": "cluster_1_model_3.pdb",
            "file_type": {
                "py/id": 3
            },
            "full_name": "cluster_1_model_3.pdb",
            "len": NaN,
            "md5": null,
            "ori_name": "emref_8.pdb",
            "path": "/jobs/5/output/08_seletopclusts",
            "py/object": "haddock.libs.libontology.PDBFile",
            "rel_path": {
                "py/reduce": [
                    {
                        "py/type": "pathlib.PosixPath"
                    },
                    {
                        "py/tuple": [
                            "..",
                            "08_seletopclusts",
                            "cluster_1_model_3.pdb"
                        ]
                    }
                ]
            },
            "restr_fname": {
                "py/id": 5
            },
            "score": -77.854363,
            "seed": 1043,
            "topology": [
                {
                    "py/id": 7
                },
                {
                    "py/id": 10
                }
            ],
            "unw_energies": {
                "air": 9.35367,
                "angles": 0.0,
                "bonds": 0.0,
                "bsa": 1100.01,
                "cdih": 0.0,
                "coup": 0.0,
                "dani": 0.0,
                "desolv": 1.29527,
                "dihe": 0.0,
                "elec": -183.157,
                "improper": 0.0,
                "rdcs": 0.0,
                "rg": 0.0,
                "sym": 0.0,
                "total": -217.257,
                "vdw": -43.4536,
                "vean": 0.0,
                "xpcs": 0.0
            }
        },
        {
            "clt_id": 1,
            "clt_model_rank": 4,
            "clt_rank": 1,
            "created": "2024-10-02 13:49:46",
            "file_name": "cluster_1_model_4.pdb",
            "file_type": {
                "py/id": 3
            },
            "full_name": "cluster_1_model_4.pdb",
            "len": NaN,
            "md5": null,
            "ori_name": "emref_29.pdb",
            "path": "/jobs/5/output/08_seletopclusts",
            "py/object": "haddock.libs.libontology.PDBFile",
            "rel_path": {
                "py/reduce": [
                    {
                        "py/type": "pathlib.PosixPath"
                    },
                    {
                        "py/tuple": [
                            "..",
                            "08_seletopclusts",
                            "cluster_1_model_4.pdb"
                        ]
                    }
                ]
            },
            "restr_fname": {
                "py/id": 5
            },
            "score": -75.5918,
            "seed": 1078,
            "topology": [
                {
                    "py/id": 7
                },
                {
                    "py/id": 10
                }
            ],
            "unw_energies": {
                "air": 88.1631,
                "angles": 0.0,
                "bonds": 0.0,
                "bsa": 1136.14,
                "cdih": 0.0,
                "coup": 0.0,
                "dani": 0.0,
                "desolv": -4.51331,
                "dihe": 0.0,
                "elec": -237.845,
                "improper": 0.0,
                "rdcs": 0.0,
                "rg": 0.0,
                "sym": 0.0,
                "total": -182.007,
                "vdw": -32.3258,
                "vean": 0.0,
                "xpcs": 0.0
            }
        },
        {
            "clt_id": 2,
            "clt_model_rank": 1,
            "clt_rank": 3,
            "created": "2024-10-02 13:49:46",
            "file_name": "cluster_3_model_1.pdb",
            "file_type": {
                "py/id": 3
            },
            "full_name": "cluster_3_model_1.pdb",
            "len": NaN,
            "md5": null,
            "ori_name": "emref_21.pdb",
            "path": "/jobs/5/output/08_seletopclusts",
            "py/object": "haddock.libs.libontology.PDBFile",
            "rel_path": {
                "py/reduce": [
                    {
                        "py/type": "pathlib.PosixPath"
                    },
                    {
                        "py/tuple": [
                            "..",
                            "08_seletopclusts",
                            "cluster_3_model_1.pdb"
                        ]
                    }
                ]
            },
            "restr_fname": {
                "py/id": 5
            },
            "score": -75.25992,
            "seed": 922,
            "topology": [
                {
                    "py/id": 7
                },
                {
                    "py/id": 10
                }
            ],
            "unw_energies": {
                "air": 77.9864,
                "angles": 0.0,
                "bonds": 0.0,
                "bsa": 1001.93,
                "cdih": 0.0,
                "coup": 0.0,
                "dani": 0.0,
                "desolv": -4.52336,
                "dihe": 0.0,
                "elec": -235.261,
                "improper": 0.0,
                "rdcs": 0.0,
                "rg": 0.0,
                "sym": 0.0,
                "total": -188.757,
                "vdw": -31.483,
                "vean": 0.0,
                "xpcs": 0.0
            }
        },
        {
            "clt_id": 2,
            "clt_model_rank": 2,
            "clt_rank": 3,
            "created": "2024-10-02 13:49:46",
            "file_name": "cluster_3_model_2.pdb",
            "file_type": {
                "py/id": 3
            },
            "full_name": "cluster_3_model_2.pdb",
            "len": NaN,
            "md5": null,
            "ori_name": "emref_18.pdb",
            "path": "/jobs/5/output/08_seletopclusts",
            "py/object": "haddock.libs.libontology.PDBFile",
            "rel_path": {
                "py/reduce": [
                    {
                        "py/type": "pathlib.PosixPath"
                    },
                    {
                        "py/tuple": [
                            "..",
                            "08_seletopclusts",
                            "cluster_3_model_2.pdb"
                        ]
                    }
                ]
            },
            "restr_fname": {
                "py/id": 5
            },
            "score": -75.01419999999999,
            "seed": 1087,
            "topology": [
                {
                    "py/id": 7
                },
                {
                    "py/id": 10
                }
            ],
            "unw_energies": {
                "air": 66.265,
                "angles": 0.0,
                "bonds": 0.0,
                "bsa": 1117.96,
                "cdih": 0.0,
                "coup": 0.0,
                "dani": 0.0,
                "desolv": 9.6174,
                "dihe": 0.0,
                "elec": -321.62,
                "improper": 0.0,
                "rdcs": 0.0,
                "rg": 0.0,
                "sym": 0.0,
                "total": -282.289,
                "vdw": -26.9341,
                "vean": 0.0,
                "xpcs": 0.0
            }
        },
        {
            "clt_id": 2,
            "clt_model_rank": 3,
            "clt_rank": 3,
            "created": "2024-10-02 13:49:46",
            "file_name": "cluster_3_model_3.pdb",
            "file_type": {
                "py/id": 3
            },
            "full_name": "cluster_3_model_3.pdb",
            "len": NaN,
            "md5": null,
            "ori_name": "emref_22.pdb",
            "path": "/jobs/5/output/08_seletopclusts",
            "py/object": "haddock.libs.libontology.PDBFile",
            "rel_path": {
                "py/reduce": [
                    {
                        "py/type": "pathlib.PosixPath"
                    },
                    {
                        "py/tuple": [
                            "..",
                            "08_seletopclusts",
                            "cluster_3_model_3.pdb"
                        ]
                    }
                ]
            },
            "restr_fname": {
                "py/id": 5
            },
            "score": -74.69630000000002,
            "seed": 1094,
            "topology": [
                {
                    "py/id": 7
                },
                {
                    "py/id": 10
                }
            ],
            "unw_energies": {
                "air": 44.3529,
                "angles": 0.0,
                "bonds": 0.0,
                "bsa": 1104.17,
                "cdih": 0.0,
                "coup": 0.0,
                "dani": 0.0,
                "desolv": 7.31921,
                "dihe": 0.0,
                "elec": -321.408,
                "improper": 0.0,
                "rdcs": 0.0,
                "rg": 0.0,
                "sym": 0.0,
                "total": -299.224,
                "vdw": -22.1692,
                "vean": 0.0,
                "xpcs": 0.0
            }
        },
        {
            "clt_id": 2,
            "clt_model_rank": 4,
            "clt_rank": 3,
            "created": "2024-10-02 13:49:46",
            "file_name": "cluster_3_model_4.pdb",
            "file_type": {
                "py/id": 3
            },
            "full_name": "cluster_3_model_4.pdb",
            "len": NaN,
            "md5": null,
            "ori_name": "emref_25.pdb",
            "path": "/jobs/5/output/08_seletopclusts",
            "py/object": "haddock.libs.libontology.PDBFile",
            "rel_path": {
                "py/reduce": [
                    {
                        "py/type": "pathlib.PosixPath"
                    },
                    {
                        "py/tuple": [
                            "..",
                            "08_seletopclusts",
                            "cluster_3_model_4.pdb"
                        ]
                    }
                ]
            },
            "restr_fname": {
                "py/id": 5
            },
            "score": -73.50254,
            "seed": 941,
            "topology": [
                {
                    "py/id": 7
                },
                {
                    "py/id": 10
                }
            ],
            "unw_energies": {
                "air": 78.0678,
                "angles": 0.0,
                "bonds": 0.0,
                "bsa": 1051.04,
                "cdih": 0.0,
                "coup": 0.0,
                "dani": 0.0,
                "desolv": 3.20938,
                "dihe": 0.0,
                "elec": -280.512,
                "improper": 0.0,
                "rdcs": 0.0,
                "rg": 0.0,
                "sym": 0.0,
                "total": -230.86,
                "vdw": -28.4163,
                "vean": 0.0,
                "xpcs": 0.0
            }
        },
        {
            "clt_id": 1,
            "clt_model_rank": 5,
            "clt_rank": 1,
            "created": "2024-10-02 13:49:46",
            "file_name": "cluster_1_model_5.pdb",
            "file_type": {
                "py/id": 3
            },
            "full_name": "cluster_1_model_5.pdb",
            "len": NaN,
            "md5": null,
            "ori_name": "emref_1.pdb",
            "path": "/jobs/5/output/08_seletopclusts",
            "py/object": "haddock.libs.libontology.PDBFile",
            "rel_path": {
                "py/reduce": [
                    {
                        "py/type": "pathlib.PosixPath"
                    },
                    {
                        "py/tuple": [
                            "..",
                            "08_seletopclusts",
                            "cluster_1_model_5.pdb"
                        ]
                    }
                ]
            },
            "restr_fname": {
                "py/id": 5
            },
            "score": -70.60596299999999,
            "seed": 1027,
            "topology": [
                {
                    "py/id": 7
                },
                {
                    "py/id": 10
                }
            ],
            "unw_energies": {
                "air": 43.4725,
                "angles": 0.0,
                "bonds": 0.0,
                "bsa": 1075.83,
                "cdih": 0.0,
                "coup": 0.0,
                "dani": 0.0,
                "desolv": 0.146787,
                "dihe": 0.0,
                "elec": -190.576,
                "improper": 0.0,
                "rdcs": 0.0,
                "rg": 0.0,
                "sym": 0.0,
                "total": -184.088,
                "vdw": -36.9848,
                "vean": 0.0,
                "xpcs": 0.0
            }
        },
        {
            "clt_id": 3,
            "clt_model_rank": 4,
            "clt_rank": 2,
            "created": "2024-10-02 13:49:46",
            "file_name": "cluster_2_model_4.pdb",
            "file_type": {
                "py/id": 3
            },
            "full_name": "cluster_2_model_4.pdb",
            "len": NaN,
            "md5": null,
            "ori_name": "emref_6.pdb",
            "path": "/jobs/5/output/08_seletopclusts",
            "py/object": "haddock.libs.libontology.PDBFile",
            "rel_path": {
                "py/reduce": [
                    {
                        "py/type": "pathlib.PosixPath"
                    },
                    {
                        "py/tuple": [
                            "..",
                            "08_seletopclusts",
                            "cluster_2_model_4.pdb"
                        ]
                    }
                ]
            },
            "restr_fname": {
                "py/id": 5
            },
            "score": -70.431175,
            "seed": 1011,
            "topology": [
                {
                    "py/id": 7
                },
                {
                    "py/id": 10
                }
            ],
            "unw_energies": {
                "air": 40.4071,
                "angles": 0.0,
                "bonds": 0.0,
                "bsa": 986.581,
                "cdih": 0.0,
                "coup": 0.0,
                "dani": 0.0,
                "desolv": 0.110815,
                "dihe": 0.0,
                "elec": -206.243,
                "improper": 0.0,
                "rdcs": 0.0,
                "rg": 0.0,
                "sym": 0.0,
                "total": -199.17,
                "vdw": -33.3341,
                "vean": 0.0,
                "xpcs": 0.0
            }
        },
        {
            "clt_id": 2,
            "clt_model_rank": 5,
            "clt_rank": 3,
            "created": "2024-10-02 13:49:46",
            "file_name": "cluster_3_model_5.pdb",
            "file_type": {
                "py/id": 3
            },
            "full_name": "cluster_3_model_5.pdb",
            "len": NaN,
            "md5": null,
            "ori_name": "emref_14.pdb",
            "path": "/jobs/5/output/08_seletopclusts",
            "py/object": "haddock.libs.libontology.PDBFile",
            "rel_path": {
                "py/reduce": [
                    {
                        "py/type": "pathlib.PosixPath"
                    },
                    {
                        "py/tuple": [
                            "..",
                            "08_seletopclusts",
                            "cluster_3_model_5.pdb"
                        ]
                    }
                ]
            },
            "restr_fname": {
                "py/id": 5
            },
            "score": -69.51946,
            "seed": 977,
            "topology": [
                {
                    "py/id": 7
                },
                {
                    "py/id": 10
                }
            ],
            "unw_energies": {
                "air": 60.2786,
                "angles": 0.0,
                "bonds": 0.0,
                "bsa": 1183.86,
                "cdih": 0.0,
                "coup": 0.0,
                "dani": 0.0,
                "desolv": 3.97538,
                "dihe": 0.0,
                "elec": -195.147,
                "improper": 0.0,
                "rdcs": 0.0,
                "rg": 0.0,
                "sym": 0.0,
                "total": -175.362,
                "vdw": -40.4933,
                "vean": 0.0,
                "xpcs": 0.0
            }
        },
        {
            "clt_id": 1,
            "clt_model_rank": 6,
            "clt_rank": 1,
            "created": "2024-10-02 13:49:46",
            "file_name": "cluster_1_model_6.pdb",
            "file_type": {
                "py/id": 3
            },
            "full_name": "cluster_1_model_6.pdb",
            "len": NaN,
            "md5": null,
            "ori_name": "emref_15.pdb",
            "path": "/jobs/5/output/08_seletopclusts",
            "py/object": "haddock.libs.libontology.PDBFile",
            "rel_path": {
                "py/reduce": [
                    {
                        "py/type": "pathlib.PosixPath"
                    },
                    {
                        "py/tuple": [
                            "..",
                            "08_seletopclusts",
                            "cluster_1_model_6.pdb"
                        ]
                    }
                ]
            },
            "restr_fname": {
                "py/id": 5
            },
            "score": -69.31437,
            "seed": 971,
            "topology": [
                {
                    "py/id": 7
                },
                {
                    "py/id": 10
                }
            ],
            "unw_energies": {
                "air": 50.3256,
                "angles": 0.0,
                "bonds": 0.0,
                "bsa": 929.713,
                "cdih": 0.0,
                "coup": 0.0,
                "dani": 0.0,
                "desolv": -3.71103,
                "dihe": 0.0,
                "elec": -219.681,
                "improper": 0.0,
                "rdcs": 0.0,
                "rg": 0.0,
                "sym": 0.0,
                "total": -196.055,
                "vdw": -26.6997,
                "vean": 0.0,
                "xpcs": 0.0
            }
        },
        {
            "clt_id": 1,
            "clt_model_rank": 7,
            "clt_rank": 1,
            "created": "2024-10-02 13:49:46",
            "file_name": "cluster_1_model_7.pdb",
            "file_type": {
                "py/id": 3
            },
            "full_name": "cluster_1_model_7.pdb",
            "len": NaN,
            "md5": null,
            "ori_name": "emref_19.pdb",
            "path": "/jobs/5/output/08_seletopclusts",
            "py/object": "haddock.libs.libontology.PDBFile",
            "rel_path": {
                "py/reduce": [
                    {
                        "py/type": "pathlib.PosixPath"
                    },
                    {
                        "py/tuple": [
                            "..",
                            "08_seletopclusts",
                            "cluster_1_model_7.pdb"
                        ]
                    }
                ]
            },
            "restr_fname": {
                "py/id": 5
            },
            "score": -69.04659,
            "seed": 1007,
            "topology": [
                {
                    "py/id": 7
                },
                {
                    "py/id": 10
                }
            ],
            "unw_energies": {
                "air": 114.344,
                "angles": 0.0,
                "bonds": 0.0,
                "bsa": 1066.6,
                "cdih": 0.0,
                "coup": 0.0,
                "dani": 0.0,
                "desolv": -2.65569,
                "dihe": 0.0,
                "elec": -272.278,
                "improper": 0.0,
                "rdcs": 0.0,
                "rg": 0.0,
                "sym": 0.0,
                "total": -181.304,
                "vdw": -23.3697,
                "vean": 0.0,
                "xpcs": 0.0
            }
        },
        {
            "clt_id": 2,
            "clt_model_rank": 6,
            "clt_rank": 3,
            "created": "2024-10-02 13:49:46",
            "file_name": "cluster_3_model_6.pdb",
            "file_type": {
                "py/id": 3
            },
            "full_name": "cluster_3_model_6.pdb",
            "len": NaN,
            "md5": null,
            "ori_name": "emref_11.pdb",
            "path": "/jobs/5/output/08_seletopclusts",
            "py/object": "haddock.libs.libontology.PDBFile",
            "rel_path": {
                "py/reduce": [
                    {
                        "py/type": "pathlib.PosixPath"
                    },
                    {
                        "py/tuple": [
                            "..",
                            "08_seletopclusts",
                            "cluster_3_model_6.pdb"
                        ]
                    }
                ]
            },
            "restr_fname": {
                "py/id": 5
            },
            "score": -65.65602,
            "seed": 1060,
            "topology": [
                {
                    "py/id": 7
                },
                {
                    "py/id": 10
                }
            ],
            "unw_energies": {
                "air": 69.7825,
                "angles": 0.0,
                "bonds": 0.0,
                "bsa": 974.62,
                "cdih": 0.0,
                "coup": 0.0,
                "dani": 0.0,
                "desolv": 1.66583,
                "dihe": 0.0,
                "elec": -268.84,
                "improper": 0.0,
                "rdcs": 0.0,
                "rg": 0.0,
                "sym": 0.0,
                "total": -219.589,
                "vdw": -20.5321,
                "vean": 0.0,
                "xpcs": 0.0
            }
        },
        {
            "clt_id": 3,
            "clt_model_rank": 5,
            "clt_rank": 2,
            "created": "2024-10-02 13:49:46",
            "file_name": "cluster_2_model_5.pdb",
            "file_type": {
                "py/id": 3
            },
            "full_name": "cluster_2_model_5.pdb",
            "len": NaN,
            "md5": null,
            "ori_name": "emref_2.pdb",
            "path": "/jobs/5/output/08_seletopclusts",
            "py/object": "haddock.libs.libontology.PDBFile",
            "rel_path": {
                "py/reduce": [
                    {
                        "py/type": "pathlib.PosixPath"
                    },
                    {
                        "py/tuple": [
                            "..",
                            "08_seletopclusts",
                            "cluster_2_model_5.pdb"
                        ]
                    }
                ]
            },
            "restr_fname": {
                "py/id": 5
            },
            "score": -65.61575,
            "seed": 1029,
            "topology": [
                {
                    "py/id": 7
                },
                {
                    "py/id": 10
                }
            ],
            "unw_energies": {
                "air": 33.7888,
                "angles": 0.0,
                "bonds": 0.0,
                "bsa": 968.925,
                "cdih": 0.0,
                "coup": 0.0,
                "dani": 0.0,
                "desolv": -3.07073,
                "dihe": 0.0,
                "elec": -165.195,
                "improper": 0.0,
                "rdcs": 0.0,
                "rg": 0.0,
                "sym": 0.0,
                "total": -164.291,
                "vdw": -32.8849,
                "vean": 0.0,
                "xpcs": 0.0
            }
        },
        {
            "clt_id": 1,
            "clt_model_rank": 8,
            "clt_rank": 1,
            "created": "2024-10-02 13:49:46",
            "file_name": "cluster_1_model_8.pdb",
            "file_type": {
                "py/id": 3
            },
            "full_name": "cluster_1_model_8.pdb",
            "len": NaN,
            "md5": null,
            "ori_name": "emref_30.pdb",
            "path": "/jobs/5/output/08_seletopclusts",
            "py/object": "haddock.libs.libontology.PDBFile",
            "rel_path": {
                "py/reduce": [
                    {
                        "py/type": "pathlib.PosixPath"
                    },
                    {
                        "py/tuple": [
                            "..",
                            "08_seletopclusts",
                            "cluster_1_model_8.pdb"
                        ]
                    }
                ]
            },
            "restr_fname": {
                "py/id": 5
            },
            "score": -65.56462000000002,
            "seed": 1018,
            "topology": [
                {
                    "py/id": 7
                },
                {
                    "py/id": 10
                }
            ],
            "unw_energies": {
                "air": 106.322,
                "angles": 0.0,
                "bonds": 0.0,
                "bsa": 1000.23,
                "cdih": 0.0,
                "coup": 0.0,
                "dani": 0.0,
                "desolv": -3.23502,
                "dihe": 0.0,
                "elec": -219.954,
                "improper": 0.0,
                "rdcs": 0.0,
                "rg": 0.0,
                "sym": 0.0,
                "total": -142.604,
                "vdw": -28.971,
                "vean": 0.0,
                "xpcs": 0.0
            }
        },
        {
            "clt_id": 1,
            "clt_model_rank": 9,
            "clt_rank": 1,
            "created": "2024-10-02 13:49:46",
            "file_name": "cluster_1_model_9.pdb",
            "file_type": {
                "py/id": 3
            },
            "full_name": "cluster_1_model_9.pdb",
            "len": NaN,
            "md5": null,
            "ori_name": "emref_7.pdb",
            "path": "/jobs/5/output/08_seletopclusts",
            "py/object": "haddock.libs.libontology.PDBFile",
            "rel_path": {
                "py/reduce": [
                    {
                        "py/type": "pathlib.PosixPath"
                    },
                    {
                        "py/tuple": [
                            "..",
                            "08_seletopclusts",
                            "cluster_1_model_9.pdb"
                        ]
                    }
                ]
            },
            "restr_fname": {
                "py/id": 5
            },
            "score": -65.14500000000001,
            "seed": 1042,
            "topology": [
                {
                    "py/id": 7
                },
                {
                    "py/id": 10
                }
            ],
            "unw_energies": {
                "air": 11.6454,
                "angles": 0.0,
                "bonds": 0.0,
                "bsa": 934.865,
                "cdih": 0.0,
                "coup": 0.0,
                "dani": 0.0,
                "desolv": -2.43324,
                "dihe": 0.0,
                "elec": -182.151,
                "improper": 0.0,
                "rdcs": 0.0,
                "rg": 0.0,
                "sym": 0.0,
                "total": -197.952,
                "vdw": -27.4461,
                "vean": 0.0,
                "xpcs": 0.0
            }
        },
        {
            "clt_id": 3,
            "clt_model_rank": 6,
            "clt_rank": 2,
            "created": "2024-10-02 13:49:46",
            "file_name": "cluster_2_model_6.pdb",
            "file_type": {
                "py/id": 3
            },
            "full_name": "cluster_2_model_6.pdb",
            "len": NaN,
            "md5": null,
            "ori_name": "emref_3.pdb",
            "path": "/jobs/5/output/08_seletopclusts",
            "py/object": "haddock.libs.libontology.PDBFile",
            "rel_path": {
                "py/reduce": [
                    {
                        "py/type": "pathlib.PosixPath"
                    },
                    {
                        "py/tuple": [
                            "..",
                            "08_seletopclusts",
                            "cluster_2_model_6.pdb"
                        ]
                    }
                ]
            },
            "restr_fname": {
                "py/id": 5
            },
            "score": -64.3971,
            "seed": 970,
            "topology": [
                {
                    "py/id": 7
                },
                {
                    "py/id": 10
                }
            ],
            "unw_energies": {
                "air": 21.8302,
                "angles": 0.0,
                "bonds": 0.0,
                "bsa": 986.505,
                "cdih": 0.0,
                "coup": 0.0,
                "dani": 0.0,
                "desolv": -3.27372,
                "dihe": 0.0,
                "elec": -151.817,
                "improper": 0.0,
                "rdcs": 0.0,
                "rg": 0.0,
                "sym": 0.0,
                "total": -162.93,
                "vdw": -32.943,
                "vean": 0.0,
                "xpcs": 0.0
            }
        },
        {
            "clt_id": 1,
            "clt_model_rank": 10,
            "clt_rank": 1,
            "created": "2024-10-02 13:49:46",
            "file_name": "cluster_1_model_10.pdb",
            "file_type": {
                "py/id": 3
            },
            "full_name": "cluster_1_model_10.pdb",
            "len": NaN,
            "md5": null,
            "ori_name": "emref_16.pdb",
            "path": "/jobs/5/output/08_seletopclusts",
            "py/object": "haddock.libs.libontology.PDBFile",
            "rel_path": {
                "py/reduce": [
                    {
                        "py/type": "pathlib.PosixPath"
                    },
                    {
                        "py/tuple": [
                            "..",
                            "08_seletopclusts",
                            "cluster_1_model_10.pdb"
                        ]
                    }
                ]
            },
            "restr_fname": {
                "py/id": 5
            },
            "score": -63.84299000000001,
            "seed": 1115,
            "topology": [
                {
                    "py/id": 7
                },
                {
                    "py/id": 10
                }
            ],
            "unw_energies": {
                "air": 60.9278,
                "angles": 0.0,
                "bonds": 0.0,
                "bsa": 1006.66,
                "cdih": 0.0,
                "coup": 0.0,
                "dani": 0.0,
                "desolv": -1.06977,
                "dihe": 0.0,
                "elec": -195.016,
                "improper": 0.0,
                "rdcs": 0.0,
                "rg": 0.0,
                "sym": 0.0,
                "total": -163.951,
                "vdw": -29.8628,
                "vean": 0.0,
                "xpcs": 0.0
            }
        },
        {
            "clt_id": 2,
            "clt_model_rank": 7,
            "clt_rank": 3,
            "created": "2024-10-02 13:49:46",
            "file_name": "cluster_3_model_7.pdb",
            "file_type": {
                "py/id": 3
            },
            "full_name": "cluster_3_model_7.pdb",
            "len": NaN,
            "md5": null,
            "ori_name": "emref_20.pdb",
            "path": "/jobs/5/output/08_seletopclusts",
            "py/object": "haddock.libs.libontology.PDBFile",
            "rel_path": {
                "py/reduce": [
                    {
                        "py/type": "pathlib.PosixPath"
                    },
                    {
                        "py/tuple": [
                            "..",
                            "08_seletopclusts",
                            "cluster_3_model_7.pdb"
                        ]
                    }
                ]
            },
            "restr_fname": {
                "py/id": 5
            },
            "score": -59.87685,
            "seed": 919,
            "topology": [
                {
                    "py/id": 7
                },
                {
                    "py/id": 10
                }
            ],
            "unw_energies": {
                "air": 63.3312,
                "angles": 0.0,
                "bonds": 0.0,
                "bsa": 1113.95,
                "cdih": 0.0,
                "coup": 0.0,
                "dani": 0.0,
                "desolv": 9.06393,
                "dihe": 0.0,
                "elec": -264.668,
                "improper": 0.0,
                "rdcs": 0.0,
                "rg": 0.0,
                "sym": 0.0,
                "total": -223.677,
                "vdw": -22.3403,
                "vean": 0.0,
                "xpcs": 0.0
            }
        },
        {
            "clt_id": 2,
            "clt_model_rank": 8,
            "clt_rank": 3,
            "created": "2024-10-02 13:49:46",
            "file_name": "cluster_3_model_8.pdb",
            "file_type": {
                "py/id": 3
            },
            "full_name": "cluster_3_model_8.pdb",
            "len": NaN,
            "md5": null,
            "ori_name": "emref_17.pdb",
            "path": "/jobs/5/output/08_seletopclusts",
            "py/object": "haddock.libs.libontology.PDBFile",
            "rel_path": {
                "py/reduce": [
                    {
                        "py/type": "pathlib.PosixPath"
                    },
                    {
                        "py/tuple": [
                            "..",
                            "08_seletopclusts",
                            "cluster_3_model_8.pdb"
                        ]
                    }
                ]
            },
            "restr_fname": {
                "py/id": 5
            },
            "score": -59.802655,
            "seed": 935,
            "topology": [
                {
                    "py/id": 7
                },
                {
                    "py/id": 10
                }
            ],
            "unw_energies": {
                "air": 91.2452,
                "angles": 0.0,
                "bonds": 0.0,
                "bsa": 987.762,
                "cdih": 0.0,
                "coup": 0.0,
                "dani": 0.0,
                "desolv": -0.396075,
                "dihe": 0.0,
                "elec": -185.272,
                "improper": 0.0,
                "rdcs": 0.0,
                "rg": 0.0,
                "sym": 0.0,
                "total": -125.504,
                "vdw": -31.4767,
                "vean": 0.0,
                "xpcs": 0.0
            }
        },
        {
            "clt_id": 2,
            "clt_model_rank": 9,
            "clt_rank": 3,
            "created": "2024-10-02 13:49:46",
            "file_name": "cluster_3_model_9.pdb",
            "file_type": {
                "py/id": 3
            },
            "full_name": "cluster_3_model_9.pdb",
            "len": NaN,
            "md5": null,
            "ori_name": "emref_12.pdb",
            "path": "/jobs/5/output/08_seletopclusts",
            "py/object": "haddock.libs.libontology.PDBFile",
            "rel_path": {
                "py/reduce": [
                    {
                        "py/type": "pathlib.PosixPath"
                    },
                    {
                        "py/tuple": [
                            "..",
                            "08_seletopclusts",
                            "cluster_3_model_9.pdb"
                        ]
                    }
                ]
            },
            "restr_fname": {
                "py/id": 5
            },
            "score": -53.894833999999996,
            "seed": 950,
            "topology": [
                {
                    "py/id": 7
                },
                {
                    "py/id": 10
                }
            ],
            "unw_energies": {
                "air": 69.9837,
                "angles": 0.0,
                "bonds": 0.0,
                "bsa": 983.721,
                "cdih": 0.0,
                "coup": 0.0,
                "dani": 0.0,
                "desolv": 0.698196,
                "dihe": 0.0,
                "elec": -152.385,
                "improper": 0.0,
                "rdcs": 0.0,
                "rg": 0.0,
                "sym": 0.0,
                "total": -113.515,
                "vdw": -31.1144,
                "vean": 0.0,
                "xpcs": 0.0
            }
        }
    ],
    "output": [
        {
            "py/id": 2
        },
        {
            "py/id": 13
        },
        {
            "py/id": 17
        },
        {
            "py/id": 21
        },
        {
            "py/id": 25
        },
        {
            "py/id": 29
        },
        {
            "py/id": 33
        },
        {
            "py/id": 37
        },
        {
            "py/id": 41
        },
        {
            "py/id": 45
        },
        {
            "py/id": 49
        },
        {
            "py/id": 53
        },
        {
            "py/id": 57
        },
        {
            "py/id": 61
        },
        {
            "py/id": 65
        },
        {
            "py/id": 69
        },
        {
            "py/id": 73
        },
        {
            "py/id": 77
        },
        {
            "py/id": 81
        },
        {
            "py/id": 85
        },
        {
            "py/id": 89
        },
        {
            "py/id": 93
        },
        {
            "py/id": 97
        },
        {
            "py/id": 101
        },
        {
            "py/id": 105
        }
    ]
}