Model	01_rigidbody_rank	03_seletopclusts_rank	05_flexref_rank	06_emref_rank	08_seletopclusts_rank	Sum-of-Ranks
cluster_1_model_1.pdb	133	28	21	1	1	184
cluster_2_model_1.pdb	12	9	13	2	2	38
cluster_1_model_2.pdb	5	4	8	3	3	23
cluster_2_model_2.pdb	13	10	12	4	4	43
cluster_2_model_3.pdb	7	5	14	5	5	36
cluster_1_model_3.pdb	11	8	16	6	6	47
cluster_1_model_4.pdb	140	29	23	8	7	207
cluster_3_model_1.pdb	83	21	6	9	8	127
cluster_3_model_2.pdb	72	18	11	10	9	120
cluster_3_model_3.pdb	85	22	7	11	10	135
cluster_3_model_4.pdb	94	25	9	12	11	151
cluster_1_model_5.pdb	2	1	18	13	12	46
cluster_2_model_4.pdb	8	6	20	14	13	61
cluster_3_model_5.pdb	42	14	28	15	14	113
cluster_1_model_6.pdb	43	15	1	16	15	90
cluster_1_model_7.pdb	78	19	10	17	16	140
cluster_3_model_6.pdb	15	11	15	18	17	76
cluster_2_model_5.pdb	3	2	22	19	18	64
cluster_1_model_8.pdb	144	30	3	20	19	216
cluster_1_model_9.pdb	9	7	26	21	20	83
cluster_2_model_6.pdb	4	3	25	22	21	75
cluster_1_model_10.pdb	55	16	5	23	22	121
cluster_3_model_7.pdb	79	20	29	25	23	176
cluster_3_model_8.pdb	70	17	30	26	24	167
cluster_3_model_9.pdb	22	12	24	30	25	113
