00_topo1	00_topo2	01_rigidbody	01_rigidbody_rank	03_seletopclusts	03_seletopclusts_rank	05_flexref	05_flexref_rank	06_emref	06_emref_rank	08_seletopclusts	08_seletopclusts_rank
processed-H2A--4G6K_haddock.psf	processed-A2B--4I1B_haddock.psf	rigidbody_80.pdb	133	cluster_3_model_8.pdb	28	flexref_28.pdb	21	emref_28.pdb	1	cluster_1_model_1.pdb	1
processed-H2A--4G6K_haddock.psf	processed-A2B--4I1B_haddock.psf	rigidbody_79.pdb	12	cluster_1_model_9.pdb	9	flexref_9.pdb	13	emref_9.pdb	2	cluster_2_model_1.pdb	2
processed-H2A--4G6K_haddock.psf	processed-A2B--4I1B_haddock.psf	rigidbody_162.pdb	5	cluster_1_model_4.pdb	4	flexref_4.pdb	8	emref_4.pdb	3	cluster_1_model_2.pdb	3
processed-H2A--4G6K_haddock.psf	processed-A2B--4I1B_haddock.psf	rigidbody_193.pdb	13	cluster_1_model_10.pdb	10	flexref_10.pdb	12	emref_10.pdb	4	cluster_2_model_2.pdb	4
processed-H2A--4G6K_haddock.psf	processed-A2B--4I1B_haddock.psf	rigidbody_50.pdb	7	cluster_1_model_5.pdb	5	flexref_5.pdb	14	emref_5.pdb	5	cluster_2_model_3.pdb	5
processed-H2A--4G6K_haddock.psf	processed-A2B--4I1B_haddock.psf	rigidbody_126.pdb	11	cluster_1_model_8.pdb	8	flexref_8.pdb	16	emref_8.pdb	6	cluster_1_model_3.pdb	6
processed-H2A--4G6K_haddock.psf	processed-A2B--4I1B_haddock.psf	rigidbody_161.pdb	140	cluster_3_model_9.pdb	29	flexref_29.pdb	23	emref_29.pdb	8	cluster_1_model_4.pdb	7
processed-H2A--4G6K_haddock.psf	processed-A2B--4I1B_haddock.psf	rigidbody_5.pdb	83	cluster_2_model_7.pdb	21	flexref_21.pdb	6	emref_21.pdb	9	cluster_3_model_1.pdb	8
processed-H2A--4G6K_haddock.psf	processed-A2B--4I1B_haddock.psf	rigidbody_170.pdb	72	cluster_2_model_5.pdb	18	flexref_18.pdb	11	emref_18.pdb	10	cluster_3_model_2.pdb	9
processed-H2A--4G6K_haddock.psf	processed-A2B--4I1B_haddock.psf	rigidbody_177.pdb	85	cluster_2_model_8.pdb	22	flexref_22.pdb	7	emref_22.pdb	11	cluster_3_model_3.pdb	10
processed-H2A--4G6K_haddock.psf	processed-A2B--4I1B_haddock.psf	rigidbody_24.pdb	94	cluster_2_model_10.pdb	25	flexref_25.pdb	9	emref_25.pdb	12	cluster_3_model_4.pdb	11
processed-H2A--4G6K_haddock.psf	processed-A2B--4I1B_haddock.psf	rigidbody_110.pdb	2	cluster_1_model_1.pdb	1	flexref_1.pdb	18	emref_1.pdb	13	cluster_1_model_5.pdb	12
processed-H2A--4G6K_haddock.psf	processed-A2B--4I1B_haddock.psf	rigidbody_94.pdb	8	cluster_1_model_6.pdb	6	flexref_6.pdb	20	emref_6.pdb	14	cluster_2_model_4.pdb	13
processed-H2A--4G6K_haddock.psf	processed-A2B--4I1B_haddock.psf	rigidbody_60.pdb	42	cluster_2_model_3.pdb	14	flexref_14.pdb	28	emref_14.pdb	15	cluster_3_model_5.pdb	14
processed-H2A--4G6K_haddock.psf	processed-A2B--4I1B_haddock.psf	rigidbody_54.pdb	43	cluster_3_model_2.pdb	15	flexref_15.pdb	1	emref_15.pdb	16	cluster_1_model_6.pdb	15
processed-H2A--4G6K_haddock.psf	processed-A2B--4I1B_haddock.psf	rigidbody_90.pdb	78	cluster_3_model_4.pdb	19	flexref_19.pdb	10	emref_19.pdb	17	cluster_1_model_7.pdb	16
processed-H2A--4G6K_haddock.psf	processed-A2B--4I1B_haddock.psf	rigidbody_143.pdb	15	cluster_2_model_1.pdb	11	flexref_11.pdb	15	emref_11.pdb	18	cluster_3_model_6.pdb	17
processed-H2A--4G6K_haddock.psf	processed-A2B--4I1B_haddock.psf	rigidbody_112.pdb	3	cluster_1_model_2.pdb	2	flexref_2.pdb	22	emref_2.pdb	19	cluster_2_model_5.pdb	18
processed-H2A--4G6K_haddock.psf	processed-A2B--4I1B_haddock.psf	rigidbody_101.pdb	144	cluster_3_model_10.pdb	30	flexref_30.pdb	3	emref_30.pdb	20	cluster_1_model_8.pdb	19
processed-H2A--4G6K_haddock.psf	processed-A2B--4I1B_haddock.psf	rigidbody_125.pdb	9	cluster_1_model_7.pdb	7	flexref_7.pdb	26	emref_7.pdb	21	cluster_1_model_9.pdb	20
processed-H2A--4G6K_haddock.psf	processed-A2B--4I1B_haddock.psf	rigidbody_53.pdb	4	cluster_1_model_3.pdb	3	flexref_3.pdb	25	emref_3.pdb	22	cluster_2_model_6.pdb	21
processed-H2A--4G6K_haddock.psf	processed-A2B--4I1B_haddock.psf	rigidbody_198.pdb	55	cluster_3_model_3.pdb	16	flexref_16.pdb	5	emref_16.pdb	23	cluster_1_model_10.pdb	22
processed-H2A--4G6K_haddock.psf	processed-A2B--4I1B_haddock.psf	rigidbody_2.pdb	79	cluster_2_model_6.pdb	20	flexref_20.pdb	29	emref_20.pdb	25	cluster_3_model_7.pdb	23
processed-H2A--4G6K_haddock.psf	processed-A2B--4I1B_haddock.psf	rigidbody_18.pdb	70	cluster_2_model_4.pdb	17	flexref_17.pdb	30	emref_17.pdb	26	cluster_3_model_8.pdb	24
processed-H2A--4G6K_haddock.psf	processed-A2B--4I1B_haddock.psf	rigidbody_33.pdb	22	cluster_2_model_2.pdb	12	flexref_12.pdb	24	emref_12.pdb	30	cluster_3_model_9.pdb	25
processed-H2A--4G6K_haddock.psf	processed-A2B--4I1B_haddock.psf	rigidbody_61.pdb	93	cluster_2_model_9.pdb	24	flexref_24.pdb	2	emref_24.pdb	7	-	-
processed-H2A--4G6K_haddock.psf	processed-A2B--4I1B_haddock.psf	rigidbody_176.pdb	89	cluster_3_model_5.pdb	23	flexref_23.pdb	27	emref_23.pdb	24	-	-
processed-H2A--4G6K_haddock.psf	processed-A2B--4I1B_haddock.psf	rigidbody_200.pdb	112	cluster_3_model_6.pdb	26	flexref_26.pdb	17	emref_26.pdb	27	-	-
processed-H2A--4G6K_haddock.psf	processed-A2B--4I1B_haddock.psf	rigidbody_121.pdb	117	cluster_3_model_7.pdb	27	flexref_27.pdb	4	emref_27.pdb	28	-	-
processed-H2A--4G6K_haddock.psf	processed-A2B--4I1B_haddock.psf	rigidbody_84.pdb	38	cluster_3_model_1.pdb	13	flexref_13.pdb	19	emref_13.pdb	29	-	-
processed-H2A--4G6K_haddock.psf	processed-A2B--4I1B_haddock.psf	rigidbody_87.pdb	1	-	-	-	-	-	-	-	-
processed-H2A--4G6K_haddock.psf	processed-A2B--4I1B_haddock.psf	rigidbody_98.pdb	6	-	-	-	-	-	-	-	-
processed-H2A--4G6K_haddock.psf	processed-A2B--4I1B_haddock.psf	rigidbody_106.pdb	10	-	-	-	-	-	-	-	-
processed-H2A--4G6K_haddock.psf	processed-A2B--4I1B_haddock.psf	rigidbody_131.pdb	14	-	-	-	-	-	-	-	-
processed-H2A--4G6K_haddock.psf	processed-A2B--4I1B_haddock.psf	rigidbody_8.pdb	16	-	-	-	-	-	-	-	-
processed-H2A--4G6K_haddock.psf	processed-A2B--4I1B_haddock.psf	rigidbody_144.pdb	17	-	-	-	-	-	-	-	-
processed-H2A--4G6K_haddock.psf	processed-A2B--4I1B_haddock.psf	rigidbody_191.pdb	18	-	-	-	-	-	-	-	-
processed-H2A--4G6K_haddock.psf	processed-A2B--4I1B_haddock.psf	rigidbody_55.pdb	19	-	-	-	-	-	-	-	-
processed-H2A--4G6K_haddock.psf	processed-A2B--4I1B_haddock.psf	rigidbody_97.pdb	20	-	-	-	-	-	-	-	-
processed-H2A--4G6K_haddock.psf	processed-A2B--4I1B_haddock.psf	rigidbody_34.pdb	21	-	-	-	-	-	-	-	-
processed-H2A--4G6K_haddock.psf	processed-A2B--4I1B_haddock.psf	rigidbody_157.pdb	23	-	-	-	-	-	-	-	-
processed-H2A--4G6K_haddock.psf	processed-A2B--4I1B_haddock.psf	rigidbody_37.pdb	24	-	-	-	-	-	-	-	-
processed-H2A--4G6K_haddock.psf	processed-A2B--4I1B_haddock.psf	rigidbody_188.pdb	25	-	-	-	-	-	-	-	-
processed-H2A--4G6K_haddock.psf	processed-A2B--4I1B_haddock.psf	rigidbody_183.pdb	26	-	-	-	-	-	-	-	-
processed-H2A--4G6K_haddock.psf	processed-A2B--4I1B_haddock.psf	rigidbody_146.pdb	27	-	-	-	-	-	-	-	-
processed-H2A--4G6K_haddock.psf	processed-A2B--4I1B_haddock.psf	rigidbody_28.pdb	28	-	-	-	-	-	-	-	-
processed-H2A--4G6K_haddock.psf	processed-A2B--4I1B_haddock.psf	rigidbody_47.pdb	29	-	-	-	-	-	-	-	-
processed-H2A--4G6K_haddock.psf	processed-A2B--4I1B_haddock.psf	rigidbody_130.pdb	30	-	-	-	-	-	-	-	-
processed-H2A--4G6K_haddock.psf	processed-A2B--4I1B_haddock.psf	rigidbody_128.pdb	31	-	-	-	-	-	-	-	-
processed-H2A--4G6K_haddock.psf	processed-A2B--4I1B_haddock.psf	rigidbody_111.pdb	32	-	-	-	-	-	-	-	-
processed-H2A--4G6K_haddock.psf	processed-A2B--4I1B_haddock.psf	rigidbody_185.pdb	33	-	-	-	-	-	-	-	-
processed-H2A--4G6K_haddock.psf	processed-A2B--4I1B_haddock.psf	rigidbody_175.pdb	34	-	-	-	-	-	-	-	-
processed-H2A--4G6K_haddock.psf	processed-A2B--4I1B_haddock.psf	rigidbody_99.pdb	35	-	-	-	-	-	-	-	-
processed-H2A--4G6K_haddock.psf	processed-A2B--4I1B_haddock.psf	rigidbody_40.pdb	36	-	-	-	-	-	-	-	-
processed-H2A--4G6K_haddock.psf	processed-A2B--4I1B_haddock.psf	rigidbody_141.pdb	37	-	-	-	-	-	-	-	-
processed-H2A--4G6K_haddock.psf	processed-A2B--4I1B_haddock.psf	rigidbody_113.pdb	39	-	-	-	-	-	-	-	-
processed-H2A--4G6K_haddock.psf	processed-A2B--4I1B_haddock.psf	rigidbody_172.pdb	40	-	-	-	-	-	-	-	-
processed-H2A--4G6K_haddock.psf	processed-A2B--4I1B_haddock.psf	rigidbody_189.pdb	41	-	-	-	-	-	-	-	-
processed-H2A--4G6K_haddock.psf	processed-A2B--4I1B_haddock.psf	rigidbody_86.pdb	44	-	-	-	-	-	-	-	-
processed-H2A--4G6K_haddock.psf	processed-A2B--4I1B_haddock.psf	rigidbody_78.pdb	45	-	-	-	-	-	-	-	-
processed-H2A--4G6K_haddock.psf	processed-A2B--4I1B_haddock.psf	rigidbody_73.pdb	46	-	-	-	-	-	-	-	-
processed-H2A--4G6K_haddock.psf	processed-A2B--4I1B_haddock.psf	rigidbody_149.pdb	47	-	-	-	-	-	-	-	-
processed-H2A--4G6K_haddock.psf	processed-A2B--4I1B_haddock.psf	rigidbody_75.pdb	48	-	-	-	-	-	-	-	-
processed-H2A--4G6K_haddock.psf	processed-A2B--4I1B_haddock.psf	rigidbody_9.pdb	49	-	-	-	-	-	-	-	-
processed-H2A--4G6K_haddock.psf	processed-A2B--4I1B_haddock.psf	rigidbody_133.pdb	50	-	-	-	-	-	-	-	-
processed-H2A--4G6K_haddock.psf	processed-A2B--4I1B_haddock.psf	rigidbody_72.pdb	51	-	-	-	-	-	-	-	-
processed-H2A--4G6K_haddock.psf	processed-A2B--4I1B_haddock.psf	rigidbody_64.pdb	52	-	-	-	-	-	-	-	-
processed-H2A--4G6K_haddock.psf	processed-A2B--4I1B_haddock.psf	rigidbody_138.pdb	53	-	-	-	-	-	-	-	-
processed-H2A--4G6K_haddock.psf	processed-A2B--4I1B_haddock.psf	rigidbody_196.pdb	54	-	-	-	-	-	-	-	-
processed-H2A--4G6K_haddock.psf	processed-A2B--4I1B_haddock.psf	rigidbody_159.pdb	56	-	-	-	-	-	-	-	-
processed-H2A--4G6K_haddock.psf	processed-A2B--4I1B_haddock.psf	rigidbody_186.pdb	57	-	-	-	-	-	-	-	-
processed-H2A--4G6K_haddock.psf	processed-A2B--4I1B_haddock.psf	rigidbody_107.pdb	58	-	-	-	-	-	-	-	-
processed-H2A--4G6K_haddock.psf	processed-A2B--4I1B_haddock.psf	rigidbody_39.pdb	59	-	-	-	-	-	-	-	-
processed-H2A--4G6K_haddock.psf	processed-A2B--4I1B_haddock.psf	rigidbody_11.pdb	60	-	-	-	-	-	-	-	-
processed-H2A--4G6K_haddock.psf	processed-A2B--4I1B_haddock.psf	rigidbody_6.pdb	61	-	-	-	-	-	-	-	-
processed-H2A--4G6K_haddock.psf	processed-A2B--4I1B_haddock.psf	rigidbody_194.pdb	62	-	-	-	-	-	-	-	-
processed-H2A--4G6K_haddock.psf	processed-A2B--4I1B_haddock.psf	rigidbody_67.pdb	63	-	-	-	-	-	-	-	-
processed-H2A--4G6K_haddock.psf	processed-A2B--4I1B_haddock.psf	rigidbody_160.pdb	64	-	-	-	-	-	-	-	-
processed-H2A--4G6K_haddock.psf	processed-A2B--4I1B_haddock.psf	rigidbody_139.pdb	65	-	-	-	-	-	-	-	-
processed-H2A--4G6K_haddock.psf	processed-A2B--4I1B_haddock.psf	rigidbody_178.pdb	66	-	-	-	-	-	-	-	-
processed-H2A--4G6K_haddock.psf	processed-A2B--4I1B_haddock.psf	rigidbody_76.pdb	67	-	-	-	-	-	-	-	-
processed-H2A--4G6K_haddock.psf	processed-A2B--4I1B_haddock.psf	rigidbody_31.pdb	68	-	-	-	-	-	-	-	-
processed-H2A--4G6K_haddock.psf	processed-A2B--4I1B_haddock.psf	rigidbody_65.pdb	69	-	-	-	-	-	-	-	-
processed-H2A--4G6K_haddock.psf	processed-A2B--4I1B_haddock.psf	rigidbody_29.pdb	71	-	-	-	-	-	-	-	-
processed-H2A--4G6K_haddock.psf	processed-A2B--4I1B_haddock.psf	rigidbody_154.pdb	73	-	-	-	-	-	-	-	-
processed-H2A--4G6K_haddock.psf	processed-A2B--4I1B_haddock.psf	rigidbody_118.pdb	74	-	-	-	-	-	-	-	-
processed-H2A--4G6K_haddock.psf	processed-A2B--4I1B_haddock.psf	rigidbody_23.pdb	75	-	-	-	-	-	-	-	-
processed-H2A--4G6K_haddock.psf	processed-A2B--4I1B_haddock.psf	rigidbody_52.pdb	76	-	-	-	-	-	-	-	-
processed-H2A--4G6K_haddock.psf	processed-A2B--4I1B_haddock.psf	rigidbody_51.pdb	77	-	-	-	-	-	-	-	-
processed-H2A--4G6K_haddock.psf	processed-A2B--4I1B_haddock.psf	rigidbody_48.pdb	80	-	-	-	-	-	-	-	-
processed-H2A--4G6K_haddock.psf	processed-A2B--4I1B_haddock.psf	rigidbody_45.pdb	81	-	-	-	-	-	-	-	-
processed-H2A--4G6K_haddock.psf	processed-A2B--4I1B_haddock.psf	rigidbody_174.pdb	82	-	-	-	-	-	-	-	-
processed-H2A--4G6K_haddock.psf	processed-A2B--4I1B_haddock.psf	rigidbody_164.pdb	84	-	-	-	-	-	-	-	-
processed-H2A--4G6K_haddock.psf	processed-A2B--4I1B_haddock.psf	rigidbody_197.pdb	86	-	-	-	-	-	-	-	-
processed-H2A--4G6K_haddock.psf	processed-A2B--4I1B_haddock.psf	rigidbody_102.pdb	87	-	-	-	-	-	-	-	-
processed-H2A--4G6K_haddock.psf	processed-A2B--4I1B_haddock.psf	rigidbody_41.pdb	88	-	-	-	-	-	-	-	-
processed-H2A--4G6K_haddock.psf	processed-A2B--4I1B_haddock.psf	rigidbody_115.pdb	90	-	-	-	-	-	-	-	-
processed-H2A--4G6K_haddock.psf	processed-A2B--4I1B_haddock.psf	rigidbody_105.pdb	91	-	-	-	-	-	-	-	-
processed-H2A--4G6K_haddock.psf	processed-A2B--4I1B_haddock.psf	rigidbody_21.pdb	92	-	-	-	-	-	-	-	-
processed-H2A--4G6K_haddock.psf	processed-A2B--4I1B_haddock.psf	rigidbody_109.pdb	95	-	-	-	-	-	-	-	-
processed-H2A--4G6K_haddock.psf	processed-A2B--4I1B_haddock.psf	rigidbody_158.pdb	96	-	-	-	-	-	-	-	-
processed-H2A--4G6K_haddock.psf	processed-A2B--4I1B_haddock.psf	rigidbody_43.pdb	97	-	-	-	-	-	-	-	-
processed-H2A--4G6K_haddock.psf	processed-A2B--4I1B_haddock.psf	rigidbody_66.pdb	98	-	-	-	-	-	-	-	-
processed-H2A--4G6K_haddock.psf	processed-A2B--4I1B_haddock.psf	rigidbody_136.pdb	99	-	-	-	-	-	-	-	-
processed-H2A--4G6K_haddock.psf	processed-A2B--4I1B_haddock.psf	rigidbody_74.pdb	100	-	-	-	-	-	-	-	-
processed-H2A--4G6K_haddock.psf	processed-A2B--4I1B_haddock.psf	rigidbody_119.pdb	101	-	-	-	-	-	-	-	-
processed-H2A--4G6K_haddock.psf	processed-A2B--4I1B_haddock.psf	rigidbody_49.pdb	102	-	-	-	-	-	-	-	-
processed-H2A--4G6K_haddock.psf	processed-A2B--4I1B_haddock.psf	rigidbody_165.pdb	103	-	-	-	-	-	-	-	-
processed-H2A--4G6K_haddock.psf	processed-A2B--4I1B_haddock.psf	rigidbody_35.pdb	104	-	-	-	-	-	-	-	-
processed-H2A--4G6K_haddock.psf	processed-A2B--4I1B_haddock.psf	rigidbody_190.pdb	105	-	-	-	-	-	-	-	-
processed-H2A--4G6K_haddock.psf	processed-A2B--4I1B_haddock.psf	rigidbody_155.pdb	106	-	-	-	-	-	-	-	-
processed-H2A--4G6K_haddock.psf	processed-A2B--4I1B_haddock.psf	rigidbody_156.pdb	107	-	-	-	-	-	-	-	-
processed-H2A--4G6K_haddock.psf	processed-A2B--4I1B_haddock.psf	rigidbody_15.pdb	108	-	-	-	-	-	-	-	-
processed-H2A--4G6K_haddock.psf	processed-A2B--4I1B_haddock.psf	rigidbody_83.pdb	109	-	-	-	-	-	-	-	-
processed-H2A--4G6K_haddock.psf	processed-A2B--4I1B_haddock.psf	rigidbody_169.pdb	110	-	-	-	-	-	-	-	-
processed-H2A--4G6K_haddock.psf	processed-A2B--4I1B_haddock.psf	rigidbody_147.pdb	111	-	-	-	-	-	-	-	-
processed-H2A--4G6K_haddock.psf	processed-A2B--4I1B_haddock.psf	rigidbody_59.pdb	113	-	-	-	-	-	-	-	-
processed-H2A--4G6K_haddock.psf	processed-A2B--4I1B_haddock.psf	rigidbody_152.pdb	114	-	-	-	-	-	-	-	-
processed-H2A--4G6K_haddock.psf	processed-A2B--4I1B_haddock.psf	rigidbody_95.pdb	115	-	-	-	-	-	-	-	-
processed-H2A--4G6K_haddock.psf	processed-A2B--4I1B_haddock.psf	rigidbody_27.pdb	116	-	-	-	-	-	-	-	-
processed-H2A--4G6K_haddock.psf	processed-A2B--4I1B_haddock.psf	rigidbody_192.pdb	118	-	-	-	-	-	-	-	-
processed-H2A--4G6K_haddock.psf	processed-A2B--4I1B_haddock.psf	rigidbody_13.pdb	119	-	-	-	-	-	-	-	-
processed-H2A--4G6K_haddock.psf	processed-A2B--4I1B_haddock.psf	rigidbody_36.pdb	120	-	-	-	-	-	-	-	-
processed-H2A--4G6K_haddock.psf	processed-A2B--4I1B_haddock.psf	rigidbody_117.pdb	121	-	-	-	-	-	-	-	-
processed-H2A--4G6K_haddock.psf	processed-A2B--4I1B_haddock.psf	rigidbody_42.pdb	122	-	-	-	-	-	-	-	-
processed-H2A--4G6K_haddock.psf	processed-A2B--4I1B_haddock.psf	rigidbody_20.pdb	123	-	-	-	-	-	-	-	-
processed-H2A--4G6K_haddock.psf	processed-A2B--4I1B_haddock.psf	rigidbody_137.pdb	124	-	-	-	-	-	-	-	-
processed-H2A--4G6K_haddock.psf	processed-A2B--4I1B_haddock.psf	rigidbody_140.pdb	125	-	-	-	-	-	-	-	-
processed-H2A--4G6K_haddock.psf	processed-A2B--4I1B_haddock.psf	rigidbody_69.pdb	126	-	-	-	-	-	-	-	-
processed-H2A--4G6K_haddock.psf	processed-A2B--4I1B_haddock.psf	rigidbody_7.pdb	127	-	-	-	-	-	-	-	-
processed-H2A--4G6K_haddock.psf	processed-A2B--4I1B_haddock.psf	rigidbody_38.pdb	128	-	-	-	-	-	-	-	-
processed-H2A--4G6K_haddock.psf	processed-A2B--4I1B_haddock.psf	rigidbody_92.pdb	129	-	-	-	-	-	-	-	-
processed-H2A--4G6K_haddock.psf	processed-A2B--4I1B_haddock.psf	rigidbody_182.pdb	130	-	-	-	-	-	-	-	-
processed-H2A--4G6K_haddock.psf	processed-A2B--4I1B_haddock.psf	rigidbody_85.pdb	131	-	-	-	-	-	-	-	-
processed-H2A--4G6K_haddock.psf	processed-A2B--4I1B_haddock.psf	rigidbody_151.pdb	132	-	-	-	-	-	-	-	-
processed-H2A--4G6K_haddock.psf	processed-A2B--4I1B_haddock.psf	rigidbody_173.pdb	134	-	-	-	-	-	-	-	-
processed-H2A--4G6K_haddock.psf	processed-A2B--4I1B_haddock.psf	rigidbody_19.pdb	135	-	-	-	-	-	-	-	-
processed-H2A--4G6K_haddock.psf	processed-A2B--4I1B_haddock.psf	rigidbody_120.pdb	136	-	-	-	-	-	-	-	-
processed-H2A--4G6K_haddock.psf	processed-A2B--4I1B_haddock.psf	rigidbody_124.pdb	137	-	-	-	-	-	-	-	-
processed-H2A--4G6K_haddock.psf	processed-A2B--4I1B_haddock.psf	rigidbody_163.pdb	138	-	-	-	-	-	-	-	-
processed-H2A--4G6K_haddock.psf	processed-A2B--4I1B_haddock.psf	rigidbody_127.pdb	139	-	-	-	-	-	-	-	-
processed-H2A--4G6K_haddock.psf	processed-A2B--4I1B_haddock.psf	rigidbody_63.pdb	141	-	-	-	-	-	-	-	-
processed-H2A--4G6K_haddock.psf	processed-A2B--4I1B_haddock.psf	rigidbody_3.pdb	142	-	-	-	-	-	-	-	-
processed-H2A--4G6K_haddock.psf	processed-A2B--4I1B_haddock.psf	rigidbody_171.pdb	143	-	-	-	-	-	-	-	-
processed-H2A--4G6K_haddock.psf	processed-A2B--4I1B_haddock.psf	rigidbody_46.pdb	145	-	-	-	-	-	-	-	-
processed-H2A--4G6K_haddock.psf	processed-A2B--4I1B_haddock.psf	rigidbody_26.pdb	146	-	-	-	-	-	-	-	-
processed-H2A--4G6K_haddock.psf	processed-A2B--4I1B_haddock.psf	rigidbody_44.pdb	147	-	-	-	-	-	-	-	-
processed-H2A--4G6K_haddock.psf	processed-A2B--4I1B_haddock.psf	rigidbody_123.pdb	148	-	-	-	-	-	-	-	-
processed-H2A--4G6K_haddock.psf	processed-A2B--4I1B_haddock.psf	rigidbody_187.pdb	149	-	-	-	-	-	-	-	-
processed-H2A--4G6K_haddock.psf	processed-A2B--4I1B_haddock.psf	rigidbody_195.pdb	150	-	-	-	-	-	-	-	-
processed-H2A--4G6K_haddock.psf	processed-A2B--4I1B_haddock.psf	rigidbody_58.pdb	151	-	-	-	-	-	-	-	-
processed-H2A--4G6K_haddock.psf	processed-A2B--4I1B_haddock.psf	rigidbody_14.pdb	152	-	-	-	-	-	-	-	-
processed-H2A--4G6K_haddock.psf	processed-A2B--4I1B_haddock.psf	rigidbody_180.pdb	153	-	-	-	-	-	-	-	-
processed-H2A--4G6K_haddock.psf	processed-A2B--4I1B_haddock.psf	rigidbody_25.pdb	154	-	-	-	-	-	-	-	-
processed-H2A--4G6K_haddock.psf	processed-A2B--4I1B_haddock.psf	rigidbody_68.pdb	155	-	-	-	-	-	-	-	-
processed-H2A--4G6K_haddock.psf	processed-A2B--4I1B_haddock.psf	rigidbody_71.pdb	156	-	-	-	-	-	-	-	-
processed-H2A--4G6K_haddock.psf	processed-A2B--4I1B_haddock.psf	rigidbody_56.pdb	157	-	-	-	-	-	-	-	-
processed-H2A--4G6K_haddock.psf	processed-A2B--4I1B_haddock.psf	rigidbody_104.pdb	158	-	-	-	-	-	-	-	-
processed-H2A--4G6K_haddock.psf	processed-A2B--4I1B_haddock.psf	rigidbody_82.pdb	159	-	-	-	-	-	-	-	-
processed-H2A--4G6K_haddock.psf	processed-A2B--4I1B_haddock.psf	rigidbody_142.pdb	160	-	-	-	-	-	-	-	-
processed-H2A--4G6K_haddock.psf	processed-A2B--4I1B_haddock.psf	rigidbody_100.pdb	161	-	-	-	-	-	-	-	-
processed-H2A--4G6K_haddock.psf	processed-A2B--4I1B_haddock.psf	rigidbody_88.pdb	162	-	-	-	-	-	-	-	-
processed-H2A--4G6K_haddock.psf	processed-A2B--4I1B_haddock.psf	rigidbody_62.pdb	163	-	-	-	-	-	-	-	-
processed-H2A--4G6K_haddock.psf	processed-A2B--4I1B_haddock.psf	rigidbody_70.pdb	164	-	-	-	-	-	-	-	-
processed-H2A--4G6K_haddock.psf	processed-A2B--4I1B_haddock.psf	rigidbody_199.pdb	165	-	-	-	-	-	-	-	-
processed-H2A--4G6K_haddock.psf	processed-A2B--4I1B_haddock.psf	rigidbody_132.pdb	166	-	-	-	-	-	-	-	-
processed-H2A--4G6K_haddock.psf	processed-A2B--4I1B_haddock.psf	rigidbody_17.pdb	167	-	-	-	-	-	-	-	-
processed-H2A--4G6K_haddock.psf	processed-A2B--4I1B_haddock.psf	rigidbody_116.pdb	168	-	-	-	-	-	-	-	-
processed-H2A--4G6K_haddock.psf	processed-A2B--4I1B_haddock.psf	rigidbody_32.pdb	169	-	-	-	-	-	-	-	-
processed-H2A--4G6K_haddock.psf	processed-A2B--4I1B_haddock.psf	rigidbody_122.pdb	170	-	-	-	-	-	-	-	-
processed-H2A--4G6K_haddock.psf	processed-A2B--4I1B_haddock.psf	rigidbody_57.pdb	171	-	-	-	-	-	-	-	-
processed-H2A--4G6K_haddock.psf	processed-A2B--4I1B_haddock.psf	rigidbody_16.pdb	172	-	-	-	-	-	-	-	-
processed-H2A--4G6K_haddock.psf	processed-A2B--4I1B_haddock.psf	rigidbody_148.pdb	173	-	-	-	-	-	-	-	-
processed-H2A--4G6K_haddock.psf	processed-A2B--4I1B_haddock.psf	rigidbody_134.pdb	174	-	-	-	-	-	-	-	-
processed-H2A--4G6K_haddock.psf	processed-A2B--4I1B_haddock.psf	rigidbody_93.pdb	175	-	-	-	-	-	-	-	-
processed-H2A--4G6K_haddock.psf	processed-A2B--4I1B_haddock.psf	rigidbody_184.pdb	176	-	-	-	-	-	-	-	-
processed-H2A--4G6K_haddock.psf	processed-A2B--4I1B_haddock.psf	rigidbody_22.pdb	177	-	-	-	-	-	-	-	-
processed-H2A--4G6K_haddock.psf	processed-A2B--4I1B_haddock.psf	rigidbody_10.pdb	178	-	-	-	-	-	-	-	-
processed-H2A--4G6K_haddock.psf	processed-A2B--4I1B_haddock.psf	rigidbody_129.pdb	179	-	-	-	-	-	-	-	-
processed-H2A--4G6K_haddock.psf	processed-A2B--4I1B_haddock.psf	rigidbody_167.pdb	180	-	-	-	-	-	-	-	-
processed-H2A--4G6K_haddock.psf	processed-A2B--4I1B_haddock.psf	rigidbody_114.pdb	181	-	-	-	-	-	-	-	-
processed-H2A--4G6K_haddock.psf	processed-A2B--4I1B_haddock.psf	rigidbody_4.pdb	182	-	-	-	-	-	-	-	-
processed-H2A--4G6K_haddock.psf	processed-A2B--4I1B_haddock.psf	rigidbody_145.pdb	183	-	-	-	-	-	-	-	-
processed-H2A--4G6K_haddock.psf	processed-A2B--4I1B_haddock.psf	rigidbody_135.pdb	184	-	-	-	-	-	-	-	-
processed-H2A--4G6K_haddock.psf	processed-A2B--4I1B_haddock.psf	rigidbody_1.pdb	185	-	-	-	-	-	-	-	-
processed-H2A--4G6K_haddock.psf	processed-A2B--4I1B_haddock.psf	rigidbody_96.pdb	186	-	-	-	-	-	-	-	-
processed-H2A--4G6K_haddock.psf	processed-A2B--4I1B_haddock.psf	rigidbody_168.pdb	187	-	-	-	-	-	-	-	-
processed-H2A--4G6K_haddock.psf	processed-A2B--4I1B_haddock.psf	rigidbody_150.pdb	188	-	-	-	-	-	-	-	-
processed-H2A--4G6K_haddock.psf	processed-A2B--4I1B_haddock.psf	rigidbody_30.pdb	189	-	-	-	-	-	-	-	-
processed-H2A--4G6K_haddock.psf	processed-A2B--4I1B_haddock.psf	rigidbody_89.pdb	190	-	-	-	-	-	-	-	-
processed-H2A--4G6K_haddock.psf	processed-A2B--4I1B_haddock.psf	rigidbody_103.pdb	191	-	-	-	-	-	-	-	-
processed-H2A--4G6K_haddock.psf	processed-A2B--4I1B_haddock.psf	rigidbody_166.pdb	192	-	-	-	-	-	-	-	-
processed-H2A--4G6K_haddock.psf	processed-A2B--4I1B_haddock.psf	rigidbody_81.pdb	193	-	-	-	-	-	-	-	-
processed-H2A--4G6K_haddock.psf	processed-A2B--4I1B_haddock.psf	rigidbody_179.pdb	194	-	-	-	-	-	-	-	-
processed-H2A--4G6K_haddock.psf	processed-A2B--4I1B_haddock.psf	rigidbody_181.pdb	195	-	-	-	-	-	-	-	-
processed-H2A--4G6K_haddock.psf	processed-A2B--4I1B_haddock.psf	rigidbody_153.pdb	196	-	-	-	-	-	-	-	-
processed-H2A--4G6K_haddock.psf	processed-A2B--4I1B_haddock.psf	rigidbody_108.pdb	197	-	-	-	-	-	-	-	-
processed-H2A--4G6K_haddock.psf	processed-A2B--4I1B_haddock.psf	rigidbody_12.pdb	198	-	-	-	-	-	-	-	-
processed-H2A--4G6K_haddock.psf	processed-A2B--4I1B_haddock.psf	rigidbody_91.pdb	199	-	-	-	-	-	-	-	-
processed-H2A--4G6K_haddock.psf	processed-A2B--4I1B_haddock.psf	rigidbody_77.pdb	200	-	-	-	-	-	-	-	-
