rank	model_name	score	cluster_id
1	emref_28.pdb	-94.63	1
2	emref_9.pdb	-89.81	3
3	emref_4.pdb	-86.36	1
4	emref_10.pdb	-83.73	3
5	emref_5.pdb	-83.00	3
6	emref_8.pdb	-77.85	1
7	emref_24.pdb	-76.06	-
8	emref_29.pdb	-75.59	1
9	emref_21.pdb	-75.26	2
10	emref_18.pdb	-75.01	2
11	emref_22.pdb	-74.70	2
12	emref_25.pdb	-73.50	2
13	emref_1.pdb	-70.61	1
14	emref_6.pdb	-70.43	3
15	emref_14.pdb	-69.52	2
16	emref_15.pdb	-69.31	1
17	emref_19.pdb	-69.05	1
18	emref_11.pdb	-65.66	2
19	emref_2.pdb	-65.62	3
20	emref_30.pdb	-65.56	1
21	emref_7.pdb	-65.15	1
22	emref_3.pdb	-64.40	3
23	emref_16.pdb	-63.84	1
24	emref_23.pdb	-61.98	1
25	emref_20.pdb	-59.88	2
26	emref_17.pdb	-59.80	2
27	emref_26.pdb	-57.07	1
28	emref_27.pdb	-55.11	-
29	emref_13.pdb	-54.41	-
30	emref_12.pdb	-53.89	2

