########################################
# `caprieval` cluster-based analysis
#
# > sortby_key=score
# > sort_ascending=True
# > clt_threshold=4
#
# NOTE: if under_eval=yes, it means that there were less models in a cluster than
#    clt_threshold, thus these values were under evaluated.
#   You might need to tweak the value of clt_threshold or change some parameters
#    in `clustfcc` depending on your analysis.
#
########################################
cluster_rank	cluster_id	n	under_eval	score	score_std	irmsd	irmsd_std	fnat	fnat_std	lrmsd	lrmsd_std	dockq	dockq_std	ilrmsd	ilrmsd_std	rmsd	rmsd_std	air	air_std	bsa	bsa_std	desolv	desolv_std	elec	elec_std	total	total_std	vdw	vdw_std	caprieval_rank
1	1	10	-	-83.610	7.524	10.077	2.103	0.020	0.009	25.017	5.443	0.055	0.028	21.106	3.374	12.184	2.887	43.027	28.843	1116.105	35.109	-1.136	2.205	-240.195	54.911	-235.906	56.450	-38.738	6.653	1
2	3	6	-	-81.741	7.045	10.056	2.315	0.030	0.010	24.807	4.163	0.057	0.023	21.364	2.068	12.089	3.152	41.915	22.027	1057.238	43.393	1.936	2.667	-249.462	51.276	-245.523	64.227	-37.976	6.574	2
3	2	9	-	-74.618	0.674	7.745	3.865	0.035	0.012	24.230	4.349	0.075	0.035	21.623	1.312	9.336	5.057	66.668	13.749	1068.775	45.975	3.906	5.381	-289.700	35.610	-250.282	43.538	-27.251	3.361	3
