{
    "input": [],
    "output": [
        {
            "0": {
                "clt_id": null,
                "clt_model_rank": null,
                "clt_rank": null,
                "created": "2024-10-02 13:38:02",
                "file_name": "processed-H2A--4G6K_haddock.pdb",
                "file_type": {
                    "py/reduce": [
                        {
                            "py/type": "haddock.libs.libontology.Format"
                        },
                        {
                            "py/tuple": [
                                "pdb"
                            ]
                        }
                    ]
                },
                "full_name": "processed-H2A--4G6K_haddock.pdb",
                "len": NaN,
                "md5": null,
                "ori_name": "processed-H2A--4G6K",
                "path": "/jobs/5/output/00_topoaa",
                "py/object": "haddock.libs.libontology.PDBFile",
                "rel_path": {
                    "py/reduce": [
                        {
                            "py/type": "pathlib.PosixPath"
                        },
                        {
                            "py/tuple": [
                                "..",
                                "00_topoaa",
                                "processed-H2A--4G6K_haddock.pdb"
                            ]
                        }
                    ]
                },
                "restr_fname": null,
                "score": NaN,
                "seed": null,
                "topology": {
                    "created": "2024-10-02 13:38:02",
                    "file_name": "processed-H2A--4G6K_haddock.psf",
                    "file_type": {
                        "py/reduce": [
                            {
                                "py/type": "haddock.libs.libontology.Format"
                            },
                            {
                                "py/tuple": [
                                    "psf"
                                ]
                            }
                        ]
                    },
                    "full_name": "processed-H2A--4G6K_haddock.psf",
                    "md5": null,
                    "path": "/jobs/5/output/00_topoaa",
                    "py/object": "haddock.libs.libontology.TopologyFile",
                    "rel_path": {
                        "py/reduce": [
                            {
                                "py/type": "pathlib.PosixPath"
                            },
                            {
                                "py/tuple": [
                                    "..",
                                    "00_topoaa",
                                    "processed-H2A--4G6K_haddock.psf"
                                ]
                            }
                        ]
                    },
                    "restr_fname": null
                },
                "unw_energies": null
            }
        },
        {
            "0": {
                "clt_id": null,
                "clt_model_rank": null,
                "clt_rank": null,
                "created": "2024-10-02 13:38:02",
                "file_name": "processed-A2B--4I1B_haddock.pdb",
                "file_type": {
                    "py/id": 5
                },
                "full_name": "processed-A2B--4I1B_haddock.pdb",
                "len": NaN,
                "md5": null,
                "ori_name": "processed-A2B--4I1B",
                "path": "/jobs/5/output/00_topoaa",
                "py/object": "haddock.libs.libontology.PDBFile",
                "rel_path": {
                    "py/reduce": [
                        {
                            "py/type": "pathlib.PosixPath"
                        },
                        {
                            "py/tuple": [
                                "..",
                                "00_topoaa",
                                "processed-A2B--4I1B_haddock.pdb"
                            ]
                        }
                    ]
                },
                "restr_fname": null,
                "score": NaN,
                "seed": null,
                "topology": {
                    "created": "2024-10-02 13:38:02",
                    "file_name": "processed-A2B--4I1B_haddock.psf",
                    "file_type": {
                        "py/id": 8
                    },
                    "full_name": "processed-A2B--4I1B_haddock.psf",
                    "md5": null,
                    "path": "/jobs/5/output/00_topoaa",
                    "py/object": "haddock.libs.libontology.TopologyFile",
                    "rel_path": {
                        "py/reduce": [
                            {
                                "py/type": "pathlib.PosixPath"
                            },
                            {
                                "py/tuple": [
                                    "..",
                                    "00_topoaa",
                                    "processed-A2B--4I1B_haddock.psf"
                                ]
                            }
                        ]
                    },
                    "restr_fname": null
                },
                "unw_energies": null
            }
        }
    ]
}